/*
Navicat MySQL Data Transfer

Source Server         : xmtest
Source Server Version : 50610
Source Host           : localhost:3306
Source Database       : test

Target Server Type    : MYSQL
Target Server Version : 50610
File Encoding         : 65001

Date: 2018-07-12 17:10:18
*/

SET FOREIGN_KEY_CHECKS=0;

-- ----------------------------
-- Table structure for `article`
-- ----------------------------
DROP TABLE IF EXISTS `article`;
CREATE TABLE `article` (
  `id` int(10) unsigned NOT NULL AUTO_INCREMENT COMMENT '主键',
  `sort_id` int(10) unsigned NOT NULL DEFAULT '0' COMMENT '分类ID',
  `user_id` int(10) unsigned NOT NULL DEFAULT '0' COMMENT '用户ID',
  `title` char(100) NOT NULL DEFAULT '' COMMENT '文章标题',
  `description` char(255) NOT NULL DEFAULT '' COMMENT '文章描述',
  `content` text CHARACTER SET utf8 COLLATE utf8_unicode_ci NOT NULL COMMENT '文章内容',
  `passed` int(1) NOT NULL DEFAULT '0' COMMENT '审核状态',
  `read_type` tinyint(4) NOT NULL DEFAULT '0' COMMENT '阅读权限（参阅用户类型）',
  `create_time` timestamp NULL DEFAULT '0000-00-00 00:00:00' COMMENT '发表时间',
  `update_time` timestamp NOT NULL DEFAULT '0000-00-00 00:00:00' ON UPDATE CURRENT_TIMESTAMP COMMENT '修改时间',
  `article_extend` text CHARACTER SET utf8 COLLATE utf8_unicode_ci COMMENT '扩展信息',
  `art_img` char(30) DEFAULT '',
  PRIMARY KEY (`id`),
  KEY `sort_id` (`sort_id`) USING BTREE,
  KEY `user_id` (`user_id`) USING BTREE
) ENGINE=InnoDB AUTO_INCREMENT=6 DEFAULT CHARSET=utf8 COMMENT='文章数据库表';

-- ----------------------------
-- Records of article
-- ----------------------------
INSERT INTO `article` VALUES ('1', '3', '1', '嘿嘿嘿', '凶不凶！！！', '<div style=\"text-align: center;\">哈哈</div>恶趣味群无<div style=\"text-align: center;\"><img src=\"data:image/jpeg;base64,/9j/4AAQSkZJRgABAQAAAQABAAD/2wBDAAMCAgICAgMCAgIDAwMDBAYEBAQEBAgGBgUGCQgKCgkICQkKDA8MCgsOCwkJDRENDg8QEBEQCgwSExIQEw8QEBD/2wBDAQMDAwQDBAgEBAgQCwkLEBAQEBAQEBAQEBAQEBAQEBAQEBAQEBAQEBAQEBAQEBAQEBAQEBAQEBAQEBAQEBAQEBD/wAARCAEAAQADASIAAhEBAxEB/8QAHQAAAAcBAQEAAAAAAAAAAAAAAAMEBQYHCAIBCf/EAE4QAAEDAwICBwQHBQUEBwkAAAECAwQABREGIRIxBxMiQVFhcRSBkaEIFSMyQlJiM7HB0fBDcoKS4QkWJFMXJVSTorLxJkRGY3OUw9Pi/8QAHAEAAQUBAQEAAAAAAAAAAAAAAAMEBQYHAgEI/8QAQBEAAQIEBAMFBQYEBgIDAAAAAQIDAAQRIQUSMUEGUWETInGBkQehscHRFCMyQlLwcoLh8TNikrLC0hUWFzSi/9oADAMBAAIRAxEAPwD6p0KFCiCBQoUKIIFChQoggUKFCiCBQoUKIIFCvOIVyXAO+iCO6FEl9A5qrgykD8VEEKa8yPGkpmNj8Qrkz2h+IUQQsyPGvaRe3tH8QroTGz+IUQQroUnTJQfxV2Hknvogg2hXIWDXuRRBHtChQoggUKFCiCBQoUKIIFChQoggUKFCiCBQoUKIIFChQoggUKFecqII9rzOK5U4E99JH5qGwcqoghWpwDvpO7LQjvqE6q6TbBpoFubN45GOzHZHG6fd3epIFVXfOl3Vt7WpmzMItrCjgLI6x4j1PZHwPrVRx7jjBeHaomnauD8ie8rz2HmRExh+Az2Jd5pFE8zYfU+QMXvcdR2+2tF+dMYjtDmt1wISPeag126cdHQFFDEt6csfhitlQ/zHCT8are3dGOr9WNu3a5yHCtBThVwcWFKCjuUggnA/9Kltp6FrEzFUbvcn3JAUkpTHSEJx3gkgk+u1U1zjbiTFqHCZINoIqFOnUXuBa9tKK98TacDwuT/+2+VKGyR/f5Q3zvpATXCU2zTKsdy35GD/AJUp/jTHL6ZtfyyRHagRUnlwMqUoe9SiPlVlw+j/AEfBA4LM04od7yi5n3E4+VPUe0wYTPXw7bGYbCuHLTSU4PuFRymeMZ+v2nEAjohOnoEH3+cOA7gsv/hS2b+I/UmKN/356VZiVdXeZKkq3+zht7DyIRmuVXrpZfws3G8EdxQxgfJNX26WAy2pDhLhzxpxy8KTqWPGmjnD2KaPYq6r+ZX/AHMKpxSVH4JRA8h/1ih1ak6VYuUm7XRPeeNgHHxTXiOlDpNhKw5euswPuuxWx+5INXopY8aTupZfw2+lKkE78Scj4UkMGxdm7OKOjxKqf74U/wDISa/8SUQfIf8AWKlidPOt4qgJlttslI58KVtqPv4iPlUitv0kbdsm86fmxjy4mFpeT6nPCfkak100ppWVJW0bXDcbJwHQyEE55nIwait/6JtKOPutQXXmeE4StpziQfcrP76eonOMcMJLc0l1INKKpf1Fdtc1IRLWCTVAtkoJ5V+vyid6f6ZNEX5SW4l/jtvH+ykEsrz4ALxk+mamrF0acAIUDnzrKN86HrmyFLtslmYnfsn7NfwO3zqNxbx0g9H0gIt1ynwAnkw7lTKh5IVlJ9R8al5T2kzcoQjGZQp/zI09DUH/AFQ1d4XYfGaRer0V9dfdG3W5CVcjRwUDWYtJ/Si6hbcPW9oVH3wZkMFSB5qbPaA9Cr0q9NNa1smpoSLhZLrHmx17BxlYUAfA94Pkd60bCsew/GkZpNwKPLQjyN/PSKzOYbMyBo+inXb1iV0KTNSUr5Ko8KBqXhjHVChQoggUKFCiCBQoUKIIFChQoggUKFeE4oggE4ol19KASTXMiQlsZJqFax1tB09CVJkuZUdm20ntOK8B/Om03NsSDC5mZUEoSKknQD9+sKNNLfWG2xVR0EO991Nb7RFclzpaGWUc1KPy8z5VTGqelG9X1xcOwKXCiE4L5/bODy/IPn5imK43W+a4uyA8lbqlKwxGb+62P5+Kj8hVj6V0RAsSES5qUSZo3BIyho/pHefP4YrDMU4zxfjJ9UlgNWZYWU4bKPhuK7AX5kA0i9SmDSmDID8/33TonYfXxNuQMQ7TXRdcbofbbkpURpZ4it0FTrmd84P7z86s6zaRsmnmUPQrekr5e0OYUsn17vdilvWLUFFKVKCRlRA5CuDKWUBsrPADkDO2adYRw7hmCDtAnO5+tVzXpsPK/MmEpzEpqeOUmieQ0/r5wudCUhstuhwrTkpHNJ8K465jqFBQV1uRwnuxXKexLQ7BcJaC0pDq07AkcjRDq1xpQdlNdYjrDn8q8HfBqzOvFFVUtWnMU0rXx/pEWlFbf38IUvOyZfFILQw2kcRG23ca8S7FeaS0XlMlKFKUScpUru+Wa4jzFT5aWFtuKa4FJS22rB4RuATtnFImZD7zf1c00hSnHAQT94H1pFc2kEOJObNUXBuRQ2ppWoGpPPWkdBo6G1PcIWLdXDZ4MtLTKbCvEp3+RpEtw4zvjlmu5Dcb6yEUKXGaOAS6PunG/uzXKpD67W+yJDJZjuDA/ErJ7vLvpm84VKUlRoEhQFL3Tc60NNTWnSFkJAAI3p745EtlMd1lTAU4sjhXndOK5DodZTCbikyFO54u8jGOGiIkebIQ5KiI4zGKVEDc5ztgd/KlSUtyZXtzt2bS8tn2gBvAIXyCB5/OkmFuvJSSLGwsBVNTUgnUg23PWO1hKCf66wla9mCn0TnXGlIQrgAGcuDkDSWQ/D9ibCOP2njV1hP3eHuxXrfUt3BbN6U62BxdZw7q4sZFdLdhyYUxyFaCUtR2gtwubtrycqA8/wCFINu50lPdBGYUIJVa5sAaUpStt+sKFNCDfbw5QljMsyesVJk+ztpbUpC1J2UsY7PrvTYuDarnFltXRxvhQ0VNtuNhYcV4b05okqjWtpN3jLct7wdVGCCAetG2TvnA3+PfSBxyJZHR16I9xTKhcQAOzS18vHcY8ufdRnQEpKqUp3q1/MLVG4/SRrvHQCqmmu1OnX4xVWqOi+3TQt+zOiM5z6peVNn0PNPzqr1J1b0fXkTrRMl2qYg/ebV2HEjuI+6tPkcitASXvOmC9QoN0jqiz46XWz3HmD4g9xqvGUbSsPSh7NY5WH9PKJdEyop7N4Zk9f3eHXov+lFa7o8zY9eJatNwWQhuWkkRXyTgZJ3bPqeHzHKtEQrk0+lJSsEHlivn5rXRC7bxOtAvRFnZeN0eSv50/dEX0g770aSo+ntVOO3DTZUG0OHKn4A5Ap71tjvRzA+7y4ToXDvGS1KEnillbK+v19ecV/E8BSUl+S0/T9PpG9kOBQyKMqM6f1HAvMFi4W+W1JjSW0usutLCkLQRkEEcxipC06FjINaQCCKiKkRSxg2hQoV7BAoUKFEEChQoUQR4TiiH3g2kkmjHFhIJqPX26txWVrW4EpSCSScADxo0ghk1zrSFpm2PT5bn3ey2gHdxZ5JH9csms7Tr9ddWXf2iQpbz76+BppPJOTslIps1/r93WmoXHmXT7BGUW4qfEZ3X6qx8MVOuhrTEicXL6I/WLSlSY4JAwkbLXv68Pxr514vxiZ41xZOEyZP2dJ2/NTVZG/JI897aXg2HN4JJmdfH3hG+1dB9f6RPdEacg6ZjNqlJ62U7gyHE88fkT5D5/DEgektKcUWQUoJ7IJyQKSpftz6orCFLY2w+64cjPkB3fzrxKrePag5MWS2CGOFH7Q78/AcvjVhYZakJdMrLZQhOlxyqdaH6q5mIx1Sn3C67UqP1/flDrEkNRVMLM1HDIPC83w54U+BpO7MY+sFPFtC2Q4eygYBTSFyZGlvR0JYTGbSEoWU9onfdVBLcNU5yOu4BthGcOlJOceVduzy1pS0yUlIUKX3p/mOlak1AFYSDASSpVa0/em8Obr0aLJXGfeKojo6wJaVnBI7PwpI8/wAVvZJmBRStSQz3oHjSdD67quNCK47PVIKQ4rsggb7mgsIu109nt7bTHGMBJX2cgb49cU3em1PpIZuFHKkXqSaEgdEmgANr1HTpLOQ9/a58vr8oXRXISkh5pmUkssK61bZ+6vuPpzohxhpTKplvkEpjtoU7xHCgsnHZ27qSM3lUOIY8ZsNvFSgt0EHiQRjhI/jRS0RDa25DTxVKLxQtriyeHGcgc8bc6arnmnWghIBISSfy0NgMvMixIpehob27DKkqqagVoN/X5Qvi3BmbOb+uFlbfVloK3ynwO3Pf99FyOqatzMdoNSHpLpWlSP2iANgkjnv4etFPT50H6uuKYjLfCyQ2oDIWBsSrz3+ddz7o1FiNSYoaMieA84vYqacSrOU+H+lH2lHYuB9feSKklJzZVBFNTck90VFgc1aQdmcycgsdq2qK+nPrSlINsj5iIuTinAy+2zwp49ilWcd/eDiukMONOtRpKY6odteSt6QjfIXgjPefDypJcm2bXMjXaUPbWZaVLU06OBfERuSMbbnI/o0lZkquNoj2mPNSh5cspSwQQClQyCVd4B/rlXaZsS1JNwd9FaJqO9UhSa/loqqfwkqoim9Y87LP96nQ0qeWx62vra/SPHXI13u8px6amO2suOIWvfOPujeuJSZUGzezmEvikhEovtqJAZIwEqx577+NcWqXAs8i4G6tNPvMILTbK08SVq4sK3wccufmabZN1uC0TpMNlbMOSrq3EpTlCBnKUZxt7sVFfbWUNF10/erz1CbqGv4gbC42IIBre0OgyoqypHdFNdD4fsisHWd1x2VxuwVz40Ntx5xjjwEpxud/PBqPyHwVEjYHkM8qAnyI3WdQ+tvrUFtfCrHEk8wfKjNTssxZUVMW3vRUvxGnAhxQUVkj7wwTsSP9BUeJsvStU/kN/wCawoQNAE6E+G8OQ1lcod/l/fbzgi+yrU7IQq0MOsshpAWHFZJcx2jzO1R6S7nO9Pi5ty0s/PtsyA2l6TGMdxLyeIoSsA8SSDzx/W1NEG8sW9mew/aWZqp0dUdpTg3ZWT99Ox3Hu7qX+0pU7Rw5FXzDKRlI2oOfhaPUtkJ7oqLUvrDDPLbza2nUhSFghSSMgiqh1npxMF0uMp4ozueH9J/KatW49dGdWxIaW04g4UhaSlST4EHlUbu7bU2O5GeGUrGPQ9xrouh0UP4hC7YKDbQwz9BPTVO6KdQIsl8mOuaXnOcK0qPEILhP7VI/Jn7yR/eG4wd5WW8MzWG32XkuNuJCkLSrIUCMgg94r5k323FtbjLid0kg1fv0SOl95txXRdfpSlLYSp60uLVupobrYz+ndSf08Q5JFabwfj5dAknz/Cfl9IrWP4YKGaaHj9frG123AoZoymm2zUvNpPFTok5FaJFSjqhQoUQQK8JxXtcLOBRBCGfIDTZOazt9JHX6rNYUWGI9wyrwpTRwd0sjHGffkJ9CfCrw1DN6plXarCPTbqteo+lC4NIcKmLYEwmxnYFO69v76lD3CqtxjPqkcJcyGil90eevur6xN8Pygm55IVom/pp744s6lvLQ2gcSlkJSPEmtO2NtNotse3x1lKWGg0Sk44vE+871mjQwS5fbalXL2lsn3KBrRLMvPfWE4EA0XXt7D5/SNLxVvMG29rmJlbzAYfgSDdWgtRKnQpoqDWOWfHNeC5vSnpMRlDLqpr4AeUjhO6tsflBqOwutmyWorACnHlhCQTjJJ2p3i3BNpek2W6lSopWevEfBUpSeQCj3ZFWZueK0hJ7iK0qK0qU0oakgVuSQCRU0GgivuS2UkjvK5W0rXb9mkO8Nw2B4uqucYPKd9ndbCS5wI2JXt4Y5V1cGLIt/K7nJTIkOcSlOtcKUgnJURgcxyxUcntNRJaGYUxErjSlYLRzwqJ+7nvI2+NHSU3S4NSbrOeHFHKW1h1XCvPcAn30kvEyltcp2IUEmoFSoAAEqNQoCtOQ56QmJWqg7npXewPS1IVTJSXWEx4zCVNxFLSZKEEdYCdirw99IUSlMuoeTjiQoKGeWRXryrtAtbaXVKbhzz1iU5Hbxjfx8KbVPedVvEJxSXUqVVKqCxFKW7tNyMuWhNzr1h4yyMpAuKnr4++sP1ycSuVHuMt1laJmHXEMHBQM7jyNKn1sQA3ftO9Z1LKy04XsHCiPDnjBphXCUI8J5uUy4qaooDYV2kEHHa8OdKo7LkeVL029FaelPrQ2251mEtrHfy7waeNzjvaqUpvKV5SlVyoOFOZFFAE987U31FIQUynKKKrStRsU1oajpzhyYDxemR7RPQ9FVFPEt9JCRkZKR3BXP5+FM0X2B6NIMiS4iQng6hCU5CyTuP6xQeuDUSyP2YrcEoTOJwDBQUpGOfqKW2d6dAdTY5tvcKpAE2N1QBcDgGUKznHD2TsfD1FJF1qdfaa2oQbKUlKl1CUUrUEHSp/FsQL+5FNIUrw5AkClT19NI4vgiv+0yRexIXF6plpC0BK1pxv4cjnu9aaE3dxq3u24NNFLriXOMjtpI8DQbdavFwlPXaemKtTbjoVwbKcHJOO7O9Mzrqk44kkZGRkcx41B4hia1OmbYGULzDUkkVNagqUU2IFztYnWHrEsAns13Iof7WFbw/rgxrtefYNOuLW24niQZB4SCE5UCfcf63pmXd5bcFy2tyCIzqw4tGBgqHI5517cbqpcaHE9hRFeiIUFOJBSt0KwQVe799Mrr/nTOcxBtDhMuaKNalNUiigO4Em4ynMDcg+GqzUuogZ7gaVubHWvWx6Q5X2CuzykxVymZBU0h3iaVkDiGcf15UbcJkvVzs+8yZcWKqDGQpLXEUhSU7BKAT6n1NNV8ulvmKim328RA1GQ06ArPWODOV+/+FOTseFbZWlrvFsokMXBoIWzJdHBIkJVwr/NwpypJGR7qkpZxLrzqGSOwBSSAVGxOVJ/DmOQr5Cul6iEloKUpKx37008SNaXAhrflQrnbbhdLven13ZC2ksNLBV1yeSiVHwHn3edJUXXUd5jWiyWuCXlWx11yIWWiVqWT1isnkcYzjw8ac7nJhIi3TSuoXYtvctKn5ET2ZsrLz6js0Vfl3xyHd4VFI+u7/aLY1a7ZMEZtiUqWhxtOHAtTZQd/DhJ2/wBKcGYRKvAPOEApovL+MkLqoKBVYgixNK5QaR4ltTiaoTW9q6AUoKUGlNupvBeqPr+bPYu+oQGnL0lL7b6+FKFoPZCuzyAx8K46QWn7JaYmm0QokmHAlO9VeozZ4ZilBKlI4uR4M8J3P3fKj9YswLVcdOWm/wAi7j2eMwLmy+cqjoK8qSz3Y4ScDffHfkUmGovqlYuosr990Da7nIZiRpZSlBdcbOOI4JyAQrcEDyJqXaUlC3m3FEKNASe8oaFWYAVpW5IGYEAbmEiCUoUkWFaDQHYUPPkNKGvKIP0ki/XDROlp8ywRIlrjiVFiTGQA5KVxgq4987EEDI58XjVQIuM/Tl5h6gtLpamW99EllX6knOD4g8iO8E1YctV/1GhqxW1q4Tm2C6+xBY6x5LQIytSUDONhknHdvVe3VsEKp7JzilPJeTXa55gAWsPLelKx2WgEFCqb+hMfRjot1tD1jpe2aihHDVwjoeCc5KFEdpB80qyk+YqzI7nEkGsWfQz1g45ZbrpJ90k2uUmQwCeTT2cpHkFoUf8AHWxbTI6xsZPdW84fNfbJVD/Me/f3xms4x9mfU1yPu2h2oV4DtXtPIbQKIkKwk0fSSYcNmiCIHrGX1bC96+crN0Xd7zOuziipc2U7IUT3layr+NfQDpHWtVsloQCVKaWABzJ4TXzp065sn3Vn3tAqZdtO3e+UXHhADtXFHp84tfR8oRrtBfURht9sknw4hmr9YledZstDuAnFXfYbwJ9vYk8WVKSAvyUNj86xaSe7JTjXn9Y0OcbzhC/KJ7FVaza333py0zkrSllgIOFJ2yoq5ePwow3SIbWiEm3oEgOcapPGSpSfy47v9KjcOUyHmzI4i0FjjCThRTnfHninR+ZZnrx1kdiRHtqnEZRxcTiUbcWCe/mffSzk5VFUlKdEnma1Oa9QKaEgg6UGsRxl+9cE7+HS1PQ1+ESKIiDaJ0CVOuYUhbftH/CEKW2rmkHO2f686NnsdUlz60jyXbncOF2JwrSrsqP4gN+I8sY+FR9ufY2b2X0w337YlZKWVr4VqGNskee/pS6BOdt6JGohZ0uRnHFMRVqd2jufeTjvOB37etdonGFIUxYJBVpmVlGUArIykEH8hsUqJJtSGi5dYIXetBrQVNahOtuutR1g6bAkw4KZE2U2h1LhZ9lUs9agbnJHcP5ivIky1OtRIbsZLTxkpL0tayUhvPLh5Y/l50gD93gPQ9SSm1L690usuuni61SDvnfP9bUvNvvjWpGnnrU1Kkvn25UZCgU8JJOD4e/y51HIJU6FMNKAqlJCkFXdVQpVXUFQ0CQDT8JvHS0gJotQ3NQaXGo8BvXfWDrmi33G4XaXClRYrMXtMtg4DoGx4fXGffREF2ytWaZMnOqdnLX1TDSVEFBxkOZ7xnb/ANaarrPdk3H61kW4R2pKg4hsJKUKSNjwnv5bkd+akBKIuqpEKE/bIUe6Q+EqUeNtlCkAkA7DiyPTflXjTyJuaW+gJuspuk3LucoWEkhKaWABNBUGlqxypstNhBJ0rr+mlRUVJ/YholuQW7bFSGH0TVKUtxSxhC2z90p/rxpYP96ppTeUl4KiR0lt44RhrcDh5Z5n50hn3NE2yNm5B9cxlSY8R0Jw0WEjcZ7zn38qRx5t3vD8O0CW4sLCYzSFL4U8BVyPln15CohU2y3MBtKlEKSjKG6JJULJz696veqKk1BtWzjsVKRmIFiak3tvTS223uh4nWO222fCg3e8hDzi1CaEDPUDGUkHvyCKbtUvXbroQuiEhCYiExVJAHGwM8KiAdiaE6fYIOrJRk2dxcFhS2TG63JCwnhJ4s8uIHv/AJUBOk2PTbjlzjiSu9RQzBdU7x9S0hWFJwfu8wRjyp0+uVcTMy7RDaElVSkrVQIyhOeoFQtVkEZaLUSQBQRw2lxJbWrvEga0GtSaUNqDXWwFK6wRqpd0M6LIvMlhbkqI06hTXJLZGBkY57b0ZIs9utUk3mPcod0t8KayyptauEvgpCjtuMcx38j4U326Eu8aflMW2yPyp8eShxchCtktKHClHDnJJVk7D91JdOJs0e+r/wB6lKZZhIccUwtB+1dQf2RHdnf4Ypo292s0h5xAPbkKS4tSqJPeBqpQCVUVdQofw5QdYWLeVspSfwWKQBcW0ANRaw8awRrJli3ajuEWK6wtlLxW31ByhKVdoJB8grHupFdLrBukaz22DD9kdjILLzqnSUuLUr7/AOnxPr5UdIl6TU0xcfZpPtJuZcfghX2QiZyEJVjOfw59fKkbcC06lv8AOMeYzY4CkvPse0HKRwjKW855n127s8imoqdfcEspB7ZQogHRJOYUUQAmlADcHYiFUpCUJLgPdGvUW0GvPcR7fbjN00zeNEuKhS0uyW3HJSAVK4kbjhOfPf3ivdNLg3SzBu86Y66zWOQZdzmxlJTJLbqVIbTuQSAsZODyT3Ul0/E0tPsd/ZvEgRrkzFEm3vLcwlSkHKmgnIClL2A2Pee7dlvesb1dLVCszjyWYkGMIoQxlAeQFcQ6zfCiDy7u/GSSZSWmUsqTNOqBQUnIgUVQBZohZIsAe8bHMmwIqaIraKwWki4IqdNhcU6W6HwgnXiWXPq68J1Wq8v3KN1jyHF8TsXB4UtrOTvw48OROMEEoJEdNz0narFpe5Xi43KQ9Jl3O0toWphoo2bdSkJwSW+ZyfdXGsLTa7LOZi2m+s3VpyK08t5pOEocUMqRzO4/jvg15oCLq2TfJcrRl2Zt06326TMW864EfYpThYGQcqPEMbbc8jGRJS2Zc8ppaLqok5TmOxJSc1CTQ6ki5HgmsBLIUDpcVt4VtoPlEStOqb7pG5C8acuK4UxLa2g6hKSQlQwoYUCOXfzB3G9Qe5Ywqn+arY1HLgrnUph5UQEE2Gg8aV+AhN1IBJpeLA+i3dlW3pTdh8ZCJ9vdRw52K0qQoH4BXxr6BackcbSd+6vnF9H8q/6XrUtIJCW5BOO4dUob/GvodpRwqaR6VuXCyirDwDsT8oz/AB9IE3UbgfOJqg5Fd0WyeyKMqxxCwKSTRlo+lK6TSk5QaIIqrXSD1Lnvr5zMMLtd1l21xHAuJIcYUn8pSopI+VfSbWzOWF7V8/8ApetSrD0nXQdXwNTlJmNefGO0f84XVO40li9JpcGx+P8AaLNww/2cypHMfD+8LbQ/y3qxNIXn2R0xXV4adOR5K/1/lVU2mVsnepfbpGyTmvnzEG1sO507RqzC0uoyqi4mZg23pWmV51CbPeCttLLy+2Ngo9/+tPrcvIG9Qr8wFCojoNFNjE7ElyLo5HCu3rROlniHDmSjhAwM9ydvDv8AOvNNpj3ia3ZrlelwoiyXEgklBdxgbHYE+J8MVHUXm3/UItn1Wj20Suu9s4u11fDjq8eu/OnSBCiztHXC4tQ1mZb5LanJBdwkMrHCEhOdzxb8vf3U5Ez9omWy3RaW26lNVUIQCpabAG9Cbd0c4YLZ7NpWaqSpVAbWJNAfgOfSHk3eHdbjFtGoJzca3W1txhDkNvZRAOFd+Sogb4+Gc0bar4/py2oftEpma7c2liXHU2SqOEEpScg9/Ea5fuohSIbs6Hb7fbNRQWmnjGHGttpJwpeMDhV7iOXMimG3al/3buNx+qeGVGkNuxUKeTgqbJ7KsbYOADilpjEBh0yl5x6i6kdoArtEAhOUhJUMyezAAqkABahcgUbIlTMNlCUWsctspua3pY5rm+w2hxuzGpxAQLpGcRGtREYBQSktlY4gPE5BG+/dT+wuPeSqYo25li7xj7Yppni+rUtbJUd9uIjvx78U0wL29Asp1NfmJVwenSSlhuQ5mO+EoKCVJ8U8gSO7bvw2R1OSo4h6ORNUpdu6y7NqUAlfCcqxvy37t8HHea5afZlHAtJU52iQezUSXKDut6AVCmyUlIPdQStJrkpyppbqSkgJymmYfh5q1OyhUHc2O8Lo13vkzTNwssZtiTboXC4p0gBTSeszlPI7n12zSuTLmsWJFw1FbGSlpg2qIjBbfjrCeJLpSee2/Md3jks181TBu8ZMWz6dZtS1u5WY693U4ACCABncZ9fMklFcJU2bqBK9WuSG3S62iWpTfC4hsYBPDjnw8tqjHsVQwOzZeU8QlLYUbNUqoioWkEBAoEpUD+ZQUMoELplCvvLQEVJUR+bYHQ0vuR0FDUw9yw19TX6NpyWzItDC4zy3ZIKX1KO2EjA/FnmB5ZpulRmrklV20vDeREtEZhcoPuA4dJOSkEnIJHLyPKkuorNDt7TFytdxbkwZzrwjpJ+1ShCsArGBz/rFOGi2UmzalmFyO6W4BQYrzhTxA79YPEpxsMcyN09/qUrnp8YfMNhHcUe6QQAA46gtmhIRRQ7oKioDWpt4Qlljt0KJuNRT9KTm0qbG9gK8oWF+XLvUe+S9WMW5V4YMtwRCQltxr7iFJzvuBzzvnv5xpmLHf1MqPreVLgJcUtyW4Wz1oUUlQJGDjJI7u/313AuMGfGtunpjceC2iYXHbiE/aBKtsHyHr3DwrlcUaq1bKjztSsALU5i4SQEpcS2MJONsZCRXrjyZ8NLaHaKLiTlUo5VKUkFYWFKBHf8AzABJzKGawj1DZYzBXdASbgXABsRQHbY1NhbWFQRpqbari5ZdMTZKotqb6+Qt3AYkcXadxxciMbDwOwGTSS1SzE0zGi6tt7ytNSn35EZxgJ6xcpKCgb5yEjfmOfiARXDjMyx6ReZctkxuVd0IkolMvHqzD5FLiUnkVY5jvps0q8/NucaLcLbNvVqtqXZTsBpw4Qjh7SwMjG5ST48u+pFlwomGEFIS4pFCAmie8utFpCcyk5Lkd4m1DS0JKbq2tQNUg61qbDY1oDWw06849RFtujpUOZfoUW9MXS1GQ2y26R1KnAQni/UMe7ORuKjUmTpo6W9nESV9fe28fX8X2Xs3B93GefFvy9/dSec60t1xTLZbbUslCCclKc7DPftXurHdMqehnS6ZSWvYmvahIO/tO/Hw/p5e/NJMuhaFdmlIQmwBoT3qAkGgJ0rf8NbQsWiFDMSSd9Bbnfr5xG5KsA700Slbml8lzGaaZLnOnksiOXIbJ6+dRy4Oc96eZ7oAO9Ru4vjBANW3DmiaRHvGLC+jXDXL6TVSUoyiLBdUVdwKlISP3n4Vv/SSSGkelYv+iVa2nUXm9JWha3JbcMgEEo4EBZB8M9ak/Ctt6Ya4Wkbd1blw8wWMPRXepjOsZd7ScVTagiVs/dFG1w2MAV3U3EVAop8ZSaNop44SaIIgOsGgphdfNz6WGrVWL6Q9g09KklMO6afHVJUrspkCQ7jHcCpII8yEjwr6TauWAyvNfKL/AGjcZUnXektSwgUp9nlQkPoGCFsuIWDn1dOPQkVC40/LBpMm+oBTpISNyQCo+gFfQbiJnBGnFTHaoFki/StomFnlhSU9qpla5QIG9UX0V64b1RY2ZLq0iaxhqWgbYcA+9jwVzHvHdVs2ubnGDWFY7hymlqSoRpslMggRYUKVsMGpnpSIq/PvRFXKLE6iM5J6yQvhCuAZ4R5n+dVnAl5xvT/Ek5A3rP3mEsuhS05kjUVpXzicCy4iiTQ89Ynd31DCuqoRhWdi3+zRG47nVHPXLTnLithuc+Z8zSqFfIbNhm2ty3BcmU62tuTx4LaU80478/1yphvl9tl3kRHbZZWrYhiG1HdQ2rIdcTnicOwwTkePLck0tud2tM6Nbm7ZavY3I0VLUpfHxde6Duvyz/p3UxmitLzzwdSTSn4aZgoZTlGWgIB1sdxePW0pKEIKCBWuulLipre/j1iTQZUvR31ZqCJLt8xyfHdwyr7TqQeyQsZGDv8AvFDSDk2VIlWa32mPOfujCoyC7gdScFXGCdgQEk+7ypg01PskS7sv6iguzICQrrGWlYUolJ4e8d+O+lUHVVyt9pkWaC6GWJD6XysbOpUnlhQxj+vE1zLvtNqadcWUtJKu4nvKByJCj3hQdroD3stD3bCqTrK1haUpqo07xsNSRpc5eVq87xJL/wDUEi3yV2u6SIjUB5DTFqkrK1cRA61Y7RA3B5eB5ZAptskqAzAua3LjMjT1tIaiIjk4eClYcQvA5Yxtke/lTa9EtyLAxc0XVK5zslbTkTHaQgDIX7z+/wAqTW5t6XPjRY7qW3XnkNoWpXCEqKgASe7BPOkJqYcVOofDSQpSdEmo7wIBAB7pSFAJSKBJSO7qIG2EhhSCo0B1PSldRcEi5vWpvC2SzOtM1UaWy7FksKBKFjhUg8wf3Gn6Trlb1ztl9FuYVcYQJkPObiUrkFKAAxgcvD3UxaoXc2tQTmbzNTLmtO9W88k5CykADGw7gBy7qbOt2502MzMYU+7LyqilOfRVKgoVVJOoChzHMitCa9CXbmkIcdAJptWlxfyPXodYfLzb5LEOFfX3oxTdy86hpk7t8K8EEdwydvSk8qzTI1kiX5xxkx5rrjTaQo8YKOeRjl76aFO+dFqeOOHiOBvikVLl3FrV2ZukAd7RXdzKNrg0UctqZtbX7DLiQBm0PLa9Brta/TrD/GuVwu1th6NixY6usnB1peOFxTixwBJVnGN/3eFCBbbVbrjcmdTyQ29ae0iKN0ynELAU1xDkCARnzz3VHQ+ttQcQtSVJIIUDgg+NH2q13LU13atNuSHpksqKQtYHEQkqJJPkCakpN5TzrYLZddBCUg3BFMqU5QKkg0IvfQgwg8wEJUc2VOp58ya8qa2hznasuhcvMiyRnI1qnIMVTJSXER2VKJCAeSM77DA3OKjMO8XG0uPO2yY7GW+yphxTasFTauaT5HA+FKBqC7QLTO063ICIcxxCpDXCDlSDkb8xuBy8KYnXfOnrs066tDgcVmFSdgklRJCaGw0O1yRSghNEulAUkpFPWooNevrDjqeRp1xcI6dYktITCaTLD5yVSd+Mp3PZ5Y9+1ReS5zqQat1H/vHcRcBbIkHDLbPVRkcKDwJxxep/lUVkL571ILCFvqLZBFbUGUem0JoSQ2ArXqa++EkpfPemmU5gGlkpwb70zzXwAd6mZRupENnIap7nPeolqC5RLZDkT5ryWmI7anXFqOyUgZJp+uMoJBJNZ86eNZGUE6Ptz/3iHZxSeSRulv37KP8Ah8TV+wORVMOBO2/hERMuZRGvv9mzfpuqdH6xusxBSmTqt19GRukKixwEZ7+FKECvonp1ADSfSvn5/s1LSbT0LOyVbC6X6XLTv3BDTP8A+E19A9PLSWk791bRLAJZSE6UjNp85plZ6xJEcq6rlBGK6peGkCkstwIQc0pPKmu6u8DavSiCKy6TbwYFmmPoXhaWyEHwUdh8yKwj9MjQq9Q9Cv17GZ45Gm57M5RAyrqF5acA960KPkithdL84qhtxQf20hKSM9wyf4CoDNsVv1Fp+fp+7M9bCuUV2JIR+ZtxJSofAmvnP2qcRrwziiTUg1SwAoj+JRzDzSAI0fhSTCsNcUdVkj0FvfWPlPo++TtKXRu7QiVNnCJDXc4j+Y7j/DNab0nqiHeILM6E/wAbToyD3g94I7iKz9qvRdy0BrC66LvKCJFrkqYKiMB1HNDg8lJKVDyNLNMXu46TmB6IpS4jpHWMk7K/kfOr/PyzGLsB1og1AIPMG4/pCjLimVfGNY265DbCqkkK4Dbeqd0vq6FdoyZEV7I5KSfvIPgRU5t90Ckjt5rLsUwhTaiCIsEtNhQiwY8sHfNOLEpPjUMi3IEDKqdY9wTseKqdM4eRtEs2+DEpRIHjT3YLhp5gzfr6HIkhcNxETqV44JBxwKVuNhv4+hqEtzgfxUqbmfqFRqWVS7gcCQabEVHmDC6qOpy1p4Ghh9DyT312Hh40zJl+dGolfqpgqWIhwDWHbrvOveuHjTX7UD30PaT40mWDHVIcVPD81FqeHjSBUnzotUnzrtLBjwiHAvDxopE5+K8mRFfcZdRulbailSfQjcUgVK86TOyh406aZUlQI1hJYBFDCl54Hmc0jdeHjSZ6Ykd9IXpqRntVJMyxMN1ECFMiQnfemqTJSM70TKuCQDvTLMuWM9qp2UkVHaGTrgEHy5Y33qP3G4AZHFRE+7YB7VV5rLXbNqQuPGUHpihsjOyPNX8queF4QtxQoIh5iZAgrpH163p6EpqMpK576SGUc+H9avId3iffWeZzLzy3JMpanX5CytxStypROalc0SrjJcudxdU464eLKu/+Q8BVg/Rn6Ml9JPS7bUyo/WWmwqTdJ5UMpUG1Dqmz3Hic4QR3pC/Cr05MS3D8g5NOaIBJ602HibDrETRT7gSNTGnNJ6Q1H0NdG2lp+mHlw7vYLc2u4Mb9XI4iXX23E/iAcWsjv54wcY2X0G9K9o6TNLMX2B9i8k9TMilWVR3gBlOe8HIIPeD3HIFNX6G28wttaApKklKgRsQaqP6OOsZPR10wr0288oQbs+u2PJJ261Kj1K/Xi7Pos1U/ZNxbM4h20pNqr3sw/nJJ8gr49Izn2htp4ZxqUnmrMTX3axsHEgZFjkVCytiE1N4+kUV8OJGDSkHNR2xzw82nepA2rIrd44j1XKmG+ucLSvSn5fKozqJeGl791EEZ/wClCQXbnCZJ2KnFY9Mfzpth/shXvSNI/wDaCOk8koUfif8ASkUScgJA4q+O/aw4p/iiZpoMg9EJ+dY17hpvJhLXWp//AEYoD6YPQw5qmzN9JmnInHdbIyUXBtA7UiEMnjx3qbyT5pKvygVkS3lt5sIWAoEbg19RRLaWMHBz3Viv6RvQMrQF0d1xo6KTpua7xSI7ST/1c6o8sf8AKUTseSSeHbs5nvZxxaAgYJOqoR/hk/7P+vpyBMSlCD26B4/X6xUEIz7LIEy3vqSO8jw8FDvFWNprX7L/AAMziGHuW57KvQ93oagVukpWACQQRili7WlwdZFIB/IeXurV5llqZGV0ecRSFlBqmLxt9+SsAcdPkW7pOO186z9bb3drSoNBZUhP9m53enhUvteuWHMIkKLKvBR2+NVSe4dr3m7iJFmfpZUXKxdUnHbpczcweSqrSHqFpwApcBB5EGnVi9pI2cqrzGBqTtEq1Og7xYCLjn8VHouH6qgzV65dv50pbvJP4qiXMHUNofImxE0Fx8DXQuB/NURF5/VXQvIP4qanCVcoXE0nnErVcD+ailXDbnUYVeR3Kold4/VXSMJVyjxU0nnEnXcPOkj1y/VUbcvGx7dIX7yN8r+dPmcHUTpDdc4mJG/c0/mpsk3YDPaqOSb0kZ7dM0/UTLCSp55KB5nnU7KYGo0tEe9PAbxJJd359qo/c780yhTjzyUJHMk4FRK5ayUrKYbZUfzL2Hw5mozJcuF1dJdWt0+HJKf4CrVJ4Klq64iXpwrsIcNQ62kSeJi2EoSdi8Ruf7o7vWoj7ApajIlZOTnCuaj4mn0QGYo6x0hax8BTRc5YGQFbnlVhaCWxlbFIYqVU1VDVKaflyG4UNhbz8haWmmm0lSlrUcJSAOZJOAK399HLopi9FfR6xFdShd5upEu6PJ3+15JaB/KgdnzPEe+qr+jr0Cu6cQ30i65hcF1dRxW2C6N4iFD9qsHk4RyH4Qd+0ezpDTT4cjPMZ/ZOZHof9c1iXtF4qTiSf/GSSqtoPeI0URsOYB9T4AxO4bJFtPbuanToIVXNviaPpWZ9UNOWjpgYkxlcCvrCJJbI7lZQc/5gTWnJ+OqIPhWdulBgNdJVnfA2c9nz6h4/wIpr7Kny1jOT9SSPQg/KMy9uEr2/DLbw1bebV65k/wDKPoDpCYXGkdrwqexlZQDVYaHcJaRv3CrNiH7MV9gxEQe5yqL6jB6pfpUpXuKjeoEZaV6UQRjX6VWsD0baTma4jobenMrZiRWHs9W4tbm+cYOyeM7H8NZktX0rNby4rT7litCVODJCQ7jn/fq3v9o086z0f2OMg4bevqVL8+Fh7A9O18hWNNPLC7fGI7klPwJFZxj/AAvg87Prffl0qWqhJvc+sbxwHLJewVC3u9VRA6AWp61PnGyuh7pQ1J0hfWr92tkaDGhuNNxnGVKV1pUklYOeWOz8atNVuNziuw5LjEhh9Cm3WXm+JC0KGCkjcEEbYrGnRi7qKXeU2DTWqH7LPuCFpguleWDLCeJtLqDlKkrKer3BI48jlUz0d9K+52O6vaX6V9NuQLhAeVGkvRU7tuJOCFtEnvHNKiD3DFYzxL7P55Dy5zCkAt7JT+IUA2OvOxJ6Q9xoM4VNBhZoFCoJ0oSbV6ddqXhL0x/RmvuknJOrdBxDNs+S7IgMkrdiDmSgYytseG5SPEAkU9brohYG9b50l0gad1ZBRcdP3iNOYVjKml7pPgpJ3SfIgGq/6Vfo3aU6QlvX7TDrNhv68rUtCP8AhpSzv9qgfdUT+NO+5JCq74f4+dkyJDHgQRYLoajosa+evMbxWZvDc33svvtt5RmFDkaUgJeQFDu8RXDloJ7UVwKH5VbH41zq3SGtejW4i3awsrsTiUUsyB22HwO9Dg2PjjmO8CiId5SrHaFaqy8iYbD0uoKSdCDUHziHNUnKoUMGIM2Arsl1k+RwD/A04xtSXFkAKUlY8xg16zcW3E4Vgg8wa7MeA/v1QQT3pOPlyrpWVX4xACRoYcI+sFJGHGVj0OaXNaxYPN1SfUGo6q0tndqQR5KTn50Wq0yh91TavRWP303VJyy9RCofcTvEyRq6Ngf8Ujf9VGp1WyTkSW/coVBDbpw/sCfRQ/nXnsU3/s6/hSBwuWO0KCbdETteqmOXtTY/xCk7urYw/wDekn0OahnsM07ezrroW2cr+xx6qFejDJZMeGbdMSV7WDGDwrWr0H86bZGrH156pk+qlUgTaZB++42n3k0YLVHTu6+pX90AUuiWl29BCZecVvCeTerhIyC8UA9yNvnSREWVLVxJQpefxKO3xNOwRBj7oZST4q3Pzop+5oSDginCSBZAhM1OphMi0tNjikucX6U7D41zJksR0cDaQlI5ACkcy9ISD2hTzozow1z0kOJetsL2K1k9u4ywUM47+DvcP93bxIpGZmmZNovzSwlI3Nv7nprHqEqcVkbFTEWekybhKbgW+M9JkyFhtpllBWtxR5BKRuT5CtF9Cv0fGNOSo2sNesolXlOHYVtGFtxFdy14yFuDbGNknfc4ISaZuvQh0Kqcbg3B29XtILcic2x1jnmls7IQnySonuUTiuLx9Lq1wApNk0jJe8FSJKWj6kJCs+maomOT+OY6gyuDy6ktK1Ue6VDpmpRJ9SOWkSsszKyp7SZWCrlrT03jRqYUiUeKW+GUH8I3V/IfOl8MQLYlYijBXjjUo5Kscv3msbMfS16R9QXdu16e03ZWis8S1vpedDbY5qPCtPl79u+pJL6bdc7cL8NJA34WOfxJqmf/ABxja6Jcyprtm+lYr/EftNwDhp1LE4tRURWiU1oOtSNdvCNQTLihSThVUj0pp4tX6cf37b4Tnu2cQf41XiumXX6iT9bNAHuEZvA+VGw9WXzVN2szl6kpeUxMR1ZDaUY4lpzyH6RVv4R4GxDAsUam3lIKRWtCa3BH6RvTeMk4+9rGAcT4C7hUmh0OLU3lKkpCe64lRqQsnQGltY+j+hf2SPQVaEP9kKq/Qn7JHpVnwv2Qr6XiehUrlTDfU5aV6U/q5Uz3hsqaVt3UQRgX/aI2F249E7F0Zbz9UXiPIcV+VtaXGj/4nEVgnSksFC4ilboVxpHkefz/AH19ZOn7RDGudFXzScrhCbnEcZStQyG3MZQv/CsJV7q+Q8mNctL3yRb58dTE23PrjyGVc0rQopUk+8Gq3jDZQ8HNiPhG4ezSeTMYa5JV7zaqjwV/UH1EWbapj8OQzLivKaeYWlxtaTgpUDkEeYIq7dc9H9r+k1o9vWukkxonSHaGkM3CMVhtM9CRgZ8CeaFnluhRwAU5+tM9qWwh9lWUqHwPgamOlNU3nSl1Yvdgnriy2DspO4UO9KgdlJPeDUGl3sFXFUnWNIxLBWeI5MMqNFp/Cfkeh93uNd2DUuqdC3xxMWTNs90hOll9s5bWhaTgoWg89xulQIrUHRX9KKDc+ptWuOrgyjhKZqNmHD+sf2Z8/u/3aatZM9GH0h4KJF8fj6O12y2G2bkQfY5mOSHT3DwKt07YKh2TnTVmlNXdGt5+otYWtyG8ocbDoPExJb/5jTg7K0+Y5cjg7VC47wzhvELX3yanZQsofvkbRkc3J4lw292UwkgdfwnwOnpH0gU/Y9S2tUG5xYlxgS0DjaeQl1p1J5bHIIqnNbfRH0beSufoO7P6flKyr2ZwmRFUfAZPGjJ7+JQHcmsz6F6X9X6JWn6ju6vZ85VEe+0YV/hPL1SQfOtCaL+lbYZwbj6phvWx47F5oF1k+eB2k+mD61kr/CfEfCrhewhwqRyTv4oNQfKsLpm5OfFHRQ9fr/aKj1V0I9Luhitydpl64xEb+12zMlvHiUpHGkeakgVC2r4ULLThKFoJSpKtiCOYIrfOndf2DUTHtFlvMSajAJ6l0KKf7wG49DXV/wBJ6D1mkjU+lrVclkY61+Mkuj0XjiHuNLyntJmpVXZYrLXGpT3T/pV9RHDmDg95lVvX3xhRi+JOPtPnS1u8JOO38603ePondEF1UXLX9b2ZR3CYk3jRnzDwWcehFQ64fQxcTldk6SPRuVbv3rS56fhqyy3tBwCYHfWps/5kn/jmEM1YdMo0FfA/WKbTdUfnrr61R+b51YMz6IfSgwv/AKv1Hp2UjxW882rHp1ZHzpqV9F7pjQSFItJ35iUs/uRUq3xTgToqmaR5mnxhL7JMj8hiJm6p/N864VdkD8dS1H0Y+l1awhSrS2D+JTzxA+DRNLon0U+kN3H1hqG0sA8+qQ84ef6kI7q9XxRgjYqZlPlU/AGPRJzSvyGK8cvKQPv/ADpC/fUp/tPnV2QfolMtkLvetpTqe9MaIhkj3qWv91NmodLdAnRwVR3LfI1NdW9gw9NUoIV/8wo4UD04SfKkGuLcNmnOxkQt5XJKfiVZQB1MKHD30JzO0SOp+lYppF0l3CQmHbo70qQ4cIaZQVrUfAJG5qaWboT6Q7wz9YX1EXTNuA4lybo8G1Af/THaB/vcI86cXOmW+wY6oWk7TZtNxlDhKbfDQlRHmSME+eM1C7xqS7Xp4yLxdpU1wHIL7xXj0zy91SROLTVkBDI5nvq9O6keqoRpLo1JV7h8z8IsGLF6EejtXXcL+ubu3+N9ARDSryScpI9es9aYda9MWrdWNKguy0wLdw8Ahw8ob4RsAo81DyO3kKgUieE57VM826pSD2/nSsrw/LpdExMEuuD8yzWn8IslPkBHDk4rLkR3U8h8zqYVzbgEg70zNNXLUFwRa7UwXn3T3ckDvUo9wFOGm9K6h11LDNrZ6uKF8LktwHq0eIH5leQ9+OdXppzo9sekoHscBLjjywC++rHG6rz25eA5CpWYnGpTui6vh4xmvF3HMtgSDLy/3kwdEi9OqqfDU9BeIpprSsPSluMZlQdku4VIfI3WrwHgkdwo6Sd6lsq0sjOWHPeTTS9bWVPJbRGJUtQSkZJJJ5CkJZ0OKzKUCTHzpPyeN4o+qadl3XFqNScij8tOWwEMSEKWoJQCSeQqaaBtDty1XY7SylSlOzWQrh5hIWCpXuAJ91OFs6LtVzVhDVuZjhRxxOOpx/4cmr96FehyPpicLxNc9ruKk8KV8OEMg8wkeJ8T3bbb5ssphr7jgzJIG9bQrgvCOK4lON9syptoEFRUKWHIG5J0FvGNN6GbIaRt3CrNiD7IVB9IwFNNJyO4VO4ycIAq3x9CweeVIpzXG2aXUW6gKBFEEVLrW09c0vs186PpmdBchi4O9KOm4ZUOEC8MtpJOEjAkADuAACvAAK/Ma+pd/tgfaUOHOapXXekkyW3W3GErQsFKkqSCFA8wRTeZl0zTZbVExgWNP4DOpnGNrEcxuPpyNDHx5tFyftrvWs5W0r9o1n5jzqfWm6xpzQdjugjvT3p9RVjdO/0XbjpqbJ1R0eQXH4CiXJFsQMuMd5LI/Ej9HMd2RsM/xnHGXetZcWw8nYkbHPgRVKm5dyVVkdHnH1Jw5i8lxAwJqQXfdJ1B5EbfA7GLUZeB76XSpj9ysy9PT31yLa4eP2VxRU2lf50g/dV+oYPnUBgaokMgJnMcY/5jf8RT/Dv9ukgdXLQCe5R4T86jSKGqDFtIS6jsppAUk7EVHoYjl20HPgkyLE+ZLQ36hZAcSPI8lfI+tMiLi/FeMaW04y6jZSHElJHxq0ESQQCFAg0TOh265tdVcIjT6Ry4k7j0PMe6lkTChZwVjP8AGvZ1IThL2GL7JX6TdPlun3jkIhtu1A/EdRIiSnGHUfdW2spUPQirG0/0+9Itl4Eo1CuY2nHYmJD2fVR7f/iqBz9CRsly1T3GDzDbvbT8eY+dR+bEu1pVh/qXQO9l0K+X3vlSM1h8jiKcswhKv4gD8flGdzfDWOYQo/dkjmjvD3X9QI1BZfpZ3NsJTedNMOnvXGkFvH+FQV++plbvpV6MfCRLhXWKrvJaQtPuKVZ+VYnbvSkHDmUn9QxSxu+JP4x8arM17PMEmDUNFP8ACo/OoiMGLTTRyr1HMRuqN9JXozcTly/OsnAOFw3j/wCVJo4/SR6MD/8AE5/+ykf/AK6wsm9A/iFd/XI/OPjUUfZdhBNcznqn/rCoxt39Kff9Y2lP+k/0fsJyxInyds4ajEH07ZTUPvf0rAtKkWLTayT91yW+Bj1QnOf81ZdN5H5x8aLVeh+YU+lfZzgsuaqQV/xK+lITXjL6hQEDwH1rFq6o6Zdc6pSpmdelx46+ceJ9kgjwODxKHkSahDk5I76jDt8AH3xRkBjUN+Vw2Syz5+TjMeOtwD1IGB76tsth0th7eRlCUJ6AARFzE8AO0fX5k/WHh65pAPapuk3hIB7VSe0dCPSNeOFy4MxLQydyZLwUvHkhGd/IkVPLD0B6TtRS/fpki8vp34VfYs5/upOT71EeVN38XkJa2fMeSb+/T3xUMS46wfDgQXc6uSO97/w++KWt0a+amlexWG2yJrucHq09lHmpR2SPMkVZOmehBllSZ2spYkuDtCGwohsf317FXoMDzNWyzHt9rjJhWyFHiMI+60y2EIHuG1JH3VLVwIBUo9wqJdxt+a7rIyJ9/rt5esZTj/tHxDEAWpP7pB3Bqo+e3lfrHtqjxopSxEjtsMR0cLbbaQlKfIAbDvp8WEsMAbcRGVetNsFnqeFC/vLVxL8h4V3cZqU53qFnApSktDxP79YtXsXwlLy5nGXhUghCSeeqz43TfqecILjJABJNSDon0a7qW8KvUhomLCXwtZGy3v8A+Rv6keFR+xWK460vTdotwITkKfexlLSM7k+fgO81rvo10HEtUCNboUbgZZSEpHefEnxJO5q/cJYKVqE06O6nTqf6RqWP4kGkFhs9469B/WC9N6G4ggln5Va2mtJpj8J6v5VINP6bbabRlsfCpdDtiGgMJrSYpMEWq3hhAGMU9ITgVy20EDAo2iCBXhGa9oUQQkkxw6kgiohqDT6ZCVdj5VOVJzSWRGS6nBFEEZ11XokLKyG/lWZuln6MultYOvXFEZVruq9zNioA4z4uI5L9dledfQG62BqQFfZg5qAX7RLbwVhr5Um6y2+nI4KiHuH4lN4U+JmScKFjcfA7EdDaPlHrHoD6RNFl2QiEm7QWsnr4e6kp8VNntD3cQHjVfqPAstyWChY5hScKFfVHUWgwniIY8e6qE6QehONJW5LtkGP1mSVxnmwppzxxkdk/L051VcTwEpT2koK9K38vpGzcPe2WaaozizQUP1C3qLj0oIxa2ptO7bi0f3VkUd7Q9/22T/3hq65Wg9KMylQ71pVuM+n7yMra944CAR5jaj2ei/o6eVxfVDoBP3RLdx/5qoz+IpllFLqFAjoPrGny/tGwp9IUW1eiSP8AdFEuOBY+1fdWP1LJonib4glpriUTgADJJrTFv6M+jRhYWjTDCjz+1edcHwUoiniVpixRGUyNP2iFCcaTwlEdhLfGn3Dn++mCOIpdTobKVAHc0A+JiI4m9pxwrDXZ3CpIvuIFcmYIJG9CAupAvSlToL0EZqt2gtWXpSQLYqK0sZ6yWC2nHiAe0fcKsPTPQ7pO3J628tC6SFDB4wUNp9Eg5J8yT6Cp+rq5KOrdG45HvBpMtiRHOccaPzJ/iKeTMzMKGVByjp9Y+IuMvbtxLxsCwspYa/S2O8fFZqr/AE5QdxDEroe6NpB4hYVNKzkluW8Plx4rgdBfR2tRIYnpBOcCWrA8qkbUrzpbHeddPC2hSj5CopczOo0dV6mKG1xTi6BQTTn+o/MxF2egno3SriXEnOjGMKmLx8sU6W/oT6M0LAY0qHljGS5KeWPeCvHyqWQ4ZOFSV/4En95p/iMKCQNmmx3DnUZNYnNtJq4+ofzGJ3CH+J+JX/s2HuOuK3oogDqo1AA8TDJZ+jbQ9oKVxtK2lDo5FERHF/mI4j8alaGHG0BLMdLaQMAABOB6V43IZjjDYwfE86KeuI/NVYfxB+YXUCvVVTGyYX7HEvNh3HZpSlnZB0/mUCT6COZDb5HaaB94NNUphJyVw0n/AAUofuQ/N86bZF0Az2qeSr7+6R74UnPYtgqv8GYdT45D/wAUwjkR4wJzGA91IXOFvPVtBA8hiu5d3G/apinXjmAqrPKKeXQBEV8+xTD0OVenFlPIJAPqSfhCx6YiOlR4hxHbNEWez3jWFxEC1tHhBHWvKHYaHn5+A76etK9Gl91S83JuSXIUIkHBH2rg8gfujzPwrRmhujuJbYzMSFCS00jkkDmfEnvPnV8wThVyYV9onLDlufoP31i4JmZHh6TThmEpASnz8STuSdf2IR9F3RrDsMRuHEaJyeJx1QHE4rxJ/rFaG0np5LDaex4d1I9LaVQwEkt1Y1tt6WEAcNaO22lpIQgUAitLWpxRWs1JhRBiJaQBil6UgV4hAAruu45gUKFCiCBQoUKIIFeEZr2hRBBTjKVDcU3yrY26DlIp1rwpBogiC3jTLbyT9mKrnUehwvjIZ+VXy7HSsYIpnn2Zt4Hsj4UQRkDWXRjCujSmZ9vQ8kZ4SRhSfMEbj3VTF/6J75aFqdsb5kNA56l4gLHkFcj78etb1vWj23grDY+FV/fdABWSGvlUdP4VKYkmj6Knnv6w9lMQmJI1aVbltGHnptwtTwj3SG9Fc8HEkZ9DyPupbHvqDyc+daTvvRy2+hbT8RDqFc0rQFA+41Wt76EbQ4VLjMPQ1+LCiB/lOR8MVR5/gIKqZZQPQ2/fui0SvFYFn006i/798Vu+qNLJeSoIc7yOSvWiUqda2UnI8RuKkE/oi1BEUTAujTqe4PIKCPeM5+FM7+jNcQ+VuS8B3tOp/iQahzw/iskMhbKkjz94rFN4i4J4Y4odM22vsHlaqTYKPNSTQV6ggncmOEONrOVNJJ805pwjk7DZCaZVRdUxzwu2G4Z/THUofECiVTbs3guW2WjPLiZUP4VGTMjPGway+RiPwf2RYJLuhyem1PJH5QAgHxIKj6EeMTJmXHjDsbq/MeddLvI/N86hSrlcOQhyP+6V/Kugq/vHhatE9Z8BHX/KoX/1yZeVmWkk+cbRIOYdg8uJWRSltsbCgHj1PMm53iWLvP6qRv3nY9v500NWHWUvAZskgZ/OUo/8xFOcPox1fOwZDsaMk8wVFah7gMfOpSV4NnHDZo+lPjHj/EMq2LuD1r8IQyb0Bnt01v3hTig23xLWo4CUjJJqybR0HNLUF3ObJlH8qR1aT8Mn51Yumuii224j2G2NMq5FQRlR9VHc/GrXIcCuChfIT7z9PfEBNcVNCzIKvcPr7ooi0aC1dqFaVKimCwo7rfGFY8kc/jirZ0V0M222utyVRVS5Q3654ZIP6RyT+/zq47J0fY4ctfKrBsmiENcOW/lV2kMCksPuhNVcz8uUVecxeanLKNByEQbTOhSOEln5Vadg0qhhCctjbyp9tenmmAOwPhUhjQ0NJAxUzEZCaBbUMpGE8qc0ICRgV0lAHdXVEEChQoUQQKFChRBAoUKFEEChQoUQQKFChRBHlcqbCu6u6FEEInoaHBukGmqZY2XQewKkOM14UA0QRXtw0gw7n7EVGLhoRpefsflVyLjIVzFJnLc0v8IogigZvR42ScMfKmaT0dJ3+wrRbtlaV+AUkc080r+zFEEZsf6O+f2HypC70eHP7D5VpdzTLSv7MUnXpRo/2Q+FEEZsHR4c/sflShno7JO7HyrRI0mzn9kKNRpVkf2QogigI/R0Mj7D5U9QejtAxlj5VdrWmmR/ZilrNhaTjsD4UQRVFu0A0nGWflUnt+i2WsfYj4VPWbU0j8IpUiI2nkKIIjkHTjLIH2Y2p6jW5tobJFL0thPIV2ABRBBaGUp5CjAAK9oUQQKFChRBAoUKFEEChQoUQR//2Q==\"></div><div style=\"text-align: center;\"><br></div>', '1', '4', '2018-07-03 17:08:04', '2018-07-09 13:46:25', '', '1531100726270.jpg');
INSERT INTO `article` VALUES ('2', '3', '1', '测试数据', '这是一个测试数据', '<h2 style=\"text-align: center;\"><font color=\"#ffcccc\">很好的东西</font></h2><div style=\"text-align: left;\">哈哈</div><div style=\"text-align: center;\"><img src=\"data:image/jpeg;base64,/9j/4AAQSkZJRgABAQAAAQABAAD/2wBDAAMCAgICAgMCAgIDAwMDBAYEBAQEBAgGBgUGCQgKCgkICQkKDA8MCgsOCwkJDRENDg8QEBEQCgwSExIQEw8QEBD/2wBDAQMDAwQDBAgEBAgQCwkLEBAQEBAQEBAQEBAQEBAQEBAQEBAQEBAQEBAQEBAQEBAQEBAQEBAQEBAQEBAQEBAQEBD/wAARCAEAAQADASIAAhEBAxEB/8QAHQAAAAcBAQEAAAAAAAAAAAAAAAMEBQYHCAIBCf/EAE4QAAEDAwICBwQHBQUEBwkAAAECAwQABREGIRIxBxMiQVFhcRSBkaEIFSMyQlJiM7HB0fBDcoKS4QkWJFMXJVSTorLxJkRGY3OUw9Pi/8QAHAEAAQUBAQEAAAAAAAAAAAAAAAMEBQYHAgEI/8QAQBEAAQIEBAMFBQYEBgIDAAAAAQIDAAQRIQUSMUEGUWETInGBkQehscHRFCMyQlLwcoLh8TNikrLC0hUWFzSi/9oADAMBAAIRAxEAPwD6p0KFCiCBQoUKIIFChQoggUKFCiCBQoUKIIFCvOIVyXAO+iCO6FEl9A5qrgykD8VEEKa8yPGkpmNj8Qrkz2h+IUQQsyPGvaRe3tH8QroTGz+IUQQroUnTJQfxV2Hknvogg2hXIWDXuRRBHtChQoggUKFCiCBQoUKIIFChQoggUKFCiCBQoUKIIFChQoggUKFecqII9rzOK5U4E99JH5qGwcqoghWpwDvpO7LQjvqE6q6TbBpoFubN45GOzHZHG6fd3epIFVXfOl3Vt7WpmzMItrCjgLI6x4j1PZHwPrVRx7jjBeHaomnauD8ie8rz2HmRExh+Az2Jd5pFE8zYfU+QMXvcdR2+2tF+dMYjtDmt1wISPeag126cdHQFFDEt6csfhitlQ/zHCT8are3dGOr9WNu3a5yHCtBThVwcWFKCjuUggnA/9Kltp6FrEzFUbvcn3JAUkpTHSEJx3gkgk+u1U1zjbiTFqHCZINoIqFOnUXuBa9tKK98TacDwuT/+2+VKGyR/f5Q3zvpATXCU2zTKsdy35GD/AJUp/jTHL6ZtfyyRHagRUnlwMqUoe9SiPlVlw+j/AEfBA4LM04od7yi5n3E4+VPUe0wYTPXw7bGYbCuHLTSU4PuFRymeMZ+v2nEAjohOnoEH3+cOA7gsv/hS2b+I/UmKN/356VZiVdXeZKkq3+zht7DyIRmuVXrpZfws3G8EdxQxgfJNX26WAy2pDhLhzxpxy8KTqWPGmjnD2KaPYq6r+ZX/AHMKpxSVH4JRA8h/1ih1ak6VYuUm7XRPeeNgHHxTXiOlDpNhKw5euswPuuxWx+5INXopY8aTupZfw2+lKkE78Scj4UkMGxdm7OKOjxKqf74U/wDISa/8SUQfIf8AWKlidPOt4qgJlttslI58KVtqPv4iPlUitv0kbdsm86fmxjy4mFpeT6nPCfkak100ppWVJW0bXDcbJwHQyEE55nIwait/6JtKOPutQXXmeE4StpziQfcrP76eonOMcMJLc0l1INKKpf1Fdtc1IRLWCTVAtkoJ5V+vyid6f6ZNEX5SW4l/jtvH+ykEsrz4ALxk+mamrF0acAIUDnzrKN86HrmyFLtslmYnfsn7NfwO3zqNxbx0g9H0gIt1ynwAnkw7lTKh5IVlJ9R8al5T2kzcoQjGZQp/zI09DUH/AFQ1d4XYfGaRer0V9dfdG3W5CVcjRwUDWYtJ/Si6hbcPW9oVH3wZkMFSB5qbPaA9Cr0q9NNa1smpoSLhZLrHmx17BxlYUAfA94Pkd60bCsew/GkZpNwKPLQjyN/PSKzOYbMyBo+inXb1iV0KTNSUr5Ko8KBqXhjHVChQoggUKFCiCBQoUKIIFChQoggUKFeE4oggE4ol19KASTXMiQlsZJqFax1tB09CVJkuZUdm20ntOK8B/Om03NsSDC5mZUEoSKknQD9+sKNNLfWG2xVR0EO991Nb7RFclzpaGWUc1KPy8z5VTGqelG9X1xcOwKXCiE4L5/bODy/IPn5imK43W+a4uyA8lbqlKwxGb+62P5+Kj8hVj6V0RAsSES5qUSZo3BIyho/pHefP4YrDMU4zxfjJ9UlgNWZYWU4bKPhuK7AX5kA0i9SmDSmDID8/33TonYfXxNuQMQ7TXRdcbofbbkpURpZ4it0FTrmd84P7z86s6zaRsmnmUPQrekr5e0OYUsn17vdilvWLUFFKVKCRlRA5CuDKWUBsrPADkDO2adYRw7hmCDtAnO5+tVzXpsPK/MmEpzEpqeOUmieQ0/r5wudCUhstuhwrTkpHNJ8K465jqFBQV1uRwnuxXKexLQ7BcJaC0pDq07AkcjRDq1xpQdlNdYjrDn8q8HfBqzOvFFVUtWnMU0rXx/pEWlFbf38IUvOyZfFILQw2kcRG23ca8S7FeaS0XlMlKFKUScpUru+Wa4jzFT5aWFtuKa4FJS22rB4RuATtnFImZD7zf1c00hSnHAQT94H1pFc2kEOJObNUXBuRQ2ppWoGpPPWkdBo6G1PcIWLdXDZ4MtLTKbCvEp3+RpEtw4zvjlmu5Dcb6yEUKXGaOAS6PunG/uzXKpD67W+yJDJZjuDA/ErJ7vLvpm84VKUlRoEhQFL3Tc60NNTWnSFkJAAI3p745EtlMd1lTAU4sjhXndOK5DodZTCbikyFO54u8jGOGiIkebIQ5KiI4zGKVEDc5ztgd/KlSUtyZXtzt2bS8tn2gBvAIXyCB5/OkmFuvJSSLGwsBVNTUgnUg23PWO1hKCf66wla9mCn0TnXGlIQrgAGcuDkDSWQ/D9ibCOP2njV1hP3eHuxXrfUt3BbN6U62BxdZw7q4sZFdLdhyYUxyFaCUtR2gtwubtrycqA8/wCFINu50lPdBGYUIJVa5sAaUpStt+sKFNCDfbw5QljMsyesVJk+ztpbUpC1J2UsY7PrvTYuDarnFltXRxvhQ0VNtuNhYcV4b05okqjWtpN3jLct7wdVGCCAetG2TvnA3+PfSBxyJZHR16I9xTKhcQAOzS18vHcY8ufdRnQEpKqUp3q1/MLVG4/SRrvHQCqmmu1OnX4xVWqOi+3TQt+zOiM5z6peVNn0PNPzqr1J1b0fXkTrRMl2qYg/ebV2HEjuI+6tPkcitASXvOmC9QoN0jqiz46XWz3HmD4g9xqvGUbSsPSh7NY5WH9PKJdEyop7N4Zk9f3eHXov+lFa7o8zY9eJatNwWQhuWkkRXyTgZJ3bPqeHzHKtEQrk0+lJSsEHlivn5rXRC7bxOtAvRFnZeN0eSv50/dEX0g770aSo+ntVOO3DTZUG0OHKn4A5Ap71tjvRzA+7y4ToXDvGS1KEnillbK+v19ecV/E8BSUl+S0/T9PpG9kOBQyKMqM6f1HAvMFi4W+W1JjSW0usutLCkLQRkEEcxipC06FjINaQCCKiKkRSxg2hQoV7BAoUKFEEChQoUQR4TiiH3g2kkmjHFhIJqPX26txWVrW4EpSCSScADxo0ghk1zrSFpm2PT5bn3ey2gHdxZ5JH9csms7Tr9ddWXf2iQpbz76+BppPJOTslIps1/r93WmoXHmXT7BGUW4qfEZ3X6qx8MVOuhrTEicXL6I/WLSlSY4JAwkbLXv68Pxr514vxiZ41xZOEyZP2dJ2/NTVZG/JI897aXg2HN4JJmdfH3hG+1dB9f6RPdEacg6ZjNqlJ62U7gyHE88fkT5D5/DEgektKcUWQUoJ7IJyQKSpftz6orCFLY2w+64cjPkB3fzrxKrePag5MWS2CGOFH7Q78/AcvjVhYZakJdMrLZQhOlxyqdaH6q5mIx1Sn3C67UqP1/flDrEkNRVMLM1HDIPC83w54U+BpO7MY+sFPFtC2Q4eygYBTSFyZGlvR0JYTGbSEoWU9onfdVBLcNU5yOu4BthGcOlJOceVduzy1pS0yUlIUKX3p/mOlak1AFYSDASSpVa0/em8Obr0aLJXGfeKojo6wJaVnBI7PwpI8/wAVvZJmBRStSQz3oHjSdD67quNCK47PVIKQ4rsggb7mgsIu109nt7bTHGMBJX2cgb49cU3em1PpIZuFHKkXqSaEgdEmgANr1HTpLOQ9/a58vr8oXRXISkh5pmUkssK61bZ+6vuPpzohxhpTKplvkEpjtoU7xHCgsnHZ27qSM3lUOIY8ZsNvFSgt0EHiQRjhI/jRS0RDa25DTxVKLxQtriyeHGcgc8bc6arnmnWghIBISSfy0NgMvMixIpehob27DKkqqagVoN/X5Qvi3BmbOb+uFlbfVloK3ynwO3Pf99FyOqatzMdoNSHpLpWlSP2iANgkjnv4etFPT50H6uuKYjLfCyQ2oDIWBsSrz3+ddz7o1FiNSYoaMieA84vYqacSrOU+H+lH2lHYuB9feSKklJzZVBFNTck90VFgc1aQdmcycgsdq2qK+nPrSlINsj5iIuTinAy+2zwp49ilWcd/eDiukMONOtRpKY6odteSt6QjfIXgjPefDypJcm2bXMjXaUPbWZaVLU06OBfERuSMbbnI/o0lZkquNoj2mPNSh5cspSwQQClQyCVd4B/rlXaZsS1JNwd9FaJqO9UhSa/loqqfwkqoim9Y87LP96nQ0qeWx62vra/SPHXI13u8px6amO2suOIWvfOPujeuJSZUGzezmEvikhEovtqJAZIwEqx577+NcWqXAs8i4G6tNPvMILTbK08SVq4sK3wccufmabZN1uC0TpMNlbMOSrq3EpTlCBnKUZxt7sVFfbWUNF10/erz1CbqGv4gbC42IIBre0OgyoqypHdFNdD4fsisHWd1x2VxuwVz40Ntx5xjjwEpxud/PBqPyHwVEjYHkM8qAnyI3WdQ+tvrUFtfCrHEk8wfKjNTssxZUVMW3vRUvxGnAhxQUVkj7wwTsSP9BUeJsvStU/kN/wCawoQNAE6E+G8OQ1lcod/l/fbzgi+yrU7IQq0MOsshpAWHFZJcx2jzO1R6S7nO9Pi5ty0s/PtsyA2l6TGMdxLyeIoSsA8SSDzx/W1NEG8sW9mew/aWZqp0dUdpTg3ZWT99Ox3Hu7qX+0pU7Rw5FXzDKRlI2oOfhaPUtkJ7oqLUvrDDPLbza2nUhSFghSSMgiqh1npxMF0uMp4ozueH9J/KatW49dGdWxIaW04g4UhaSlST4EHlUbu7bU2O5GeGUrGPQ9xrouh0UP4hC7YKDbQwz9BPTVO6KdQIsl8mOuaXnOcK0qPEILhP7VI/Jn7yR/eG4wd5WW8MzWG32XkuNuJCkLSrIUCMgg94r5k323FtbjLid0kg1fv0SOl95txXRdfpSlLYSp60uLVupobrYz+ndSf08Q5JFabwfj5dAknz/Cfl9IrWP4YKGaaHj9frG123AoZoymm2zUvNpPFTok5FaJFSjqhQoUQQK8JxXtcLOBRBCGfIDTZOazt9JHX6rNYUWGI9wyrwpTRwd0sjHGffkJ9CfCrw1DN6plXarCPTbqteo+lC4NIcKmLYEwmxnYFO69v76lD3CqtxjPqkcJcyGil90eevur6xN8Pygm55IVom/pp744s6lvLQ2gcSlkJSPEmtO2NtNotse3x1lKWGg0Sk44vE+871mjQwS5fbalXL2lsn3KBrRLMvPfWE4EA0XXt7D5/SNLxVvMG29rmJlbzAYfgSDdWgtRKnQpoqDWOWfHNeC5vSnpMRlDLqpr4AeUjhO6tsflBqOwutmyWorACnHlhCQTjJJ2p3i3BNpek2W6lSopWevEfBUpSeQCj3ZFWZueK0hJ7iK0qK0qU0oakgVuSQCRU0GgivuS2UkjvK5W0rXb9mkO8Nw2B4uqucYPKd9ndbCS5wI2JXt4Y5V1cGLIt/K7nJTIkOcSlOtcKUgnJURgcxyxUcntNRJaGYUxErjSlYLRzwqJ+7nvI2+NHSU3S4NSbrOeHFHKW1h1XCvPcAn30kvEyltcp2IUEmoFSoAAEqNQoCtOQ56QmJWqg7npXewPS1IVTJSXWEx4zCVNxFLSZKEEdYCdirw99IUSlMuoeTjiQoKGeWRXryrtAtbaXVKbhzz1iU5Hbxjfx8KbVPedVvEJxSXUqVVKqCxFKW7tNyMuWhNzr1h4yyMpAuKnr4++sP1ycSuVHuMt1laJmHXEMHBQM7jyNKn1sQA3ftO9Z1LKy04XsHCiPDnjBphXCUI8J5uUy4qaooDYV2kEHHa8OdKo7LkeVL029FaelPrQ2251mEtrHfy7waeNzjvaqUpvKV5SlVyoOFOZFFAE987U31FIQUynKKKrStRsU1oajpzhyYDxemR7RPQ9FVFPEt9JCRkZKR3BXP5+FM0X2B6NIMiS4iQng6hCU5CyTuP6xQeuDUSyP2YrcEoTOJwDBQUpGOfqKW2d6dAdTY5tvcKpAE2N1QBcDgGUKznHD2TsfD1FJF1qdfaa2oQbKUlKl1CUUrUEHSp/FsQL+5FNIUrw5AkClT19NI4vgiv+0yRexIXF6plpC0BK1pxv4cjnu9aaE3dxq3u24NNFLriXOMjtpI8DQbdavFwlPXaemKtTbjoVwbKcHJOO7O9Mzrqk44kkZGRkcx41B4hia1OmbYGULzDUkkVNagqUU2IFztYnWHrEsAns13Iof7WFbw/rgxrtefYNOuLW24niQZB4SCE5UCfcf63pmXd5bcFy2tyCIzqw4tGBgqHI5517cbqpcaHE9hRFeiIUFOJBSt0KwQVe799Mrr/nTOcxBtDhMuaKNalNUiigO4Em4ynMDcg+GqzUuogZ7gaVubHWvWx6Q5X2CuzykxVymZBU0h3iaVkDiGcf15UbcJkvVzs+8yZcWKqDGQpLXEUhSU7BKAT6n1NNV8ulvmKim328RA1GQ06ArPWODOV+/+FOTseFbZWlrvFsokMXBoIWzJdHBIkJVwr/NwpypJGR7qkpZxLrzqGSOwBSSAVGxOVJ/DmOQr5Cul6iEloKUpKx37008SNaXAhrflQrnbbhdLven13ZC2ksNLBV1yeSiVHwHn3edJUXXUd5jWiyWuCXlWx11yIWWiVqWT1isnkcYzjw8ac7nJhIi3TSuoXYtvctKn5ET2ZsrLz6js0Vfl3xyHd4VFI+u7/aLY1a7ZMEZtiUqWhxtOHAtTZQd/DhJ2/wBKcGYRKvAPOEApovL+MkLqoKBVYgixNK5QaR4ltTiaoTW9q6AUoKUGlNupvBeqPr+bPYu+oQGnL0lL7b6+FKFoPZCuzyAx8K46QWn7JaYmm0QokmHAlO9VeozZ4ZilBKlI4uR4M8J3P3fKj9YswLVcdOWm/wAi7j2eMwLmy+cqjoK8qSz3Y4ScDffHfkUmGovqlYuosr990Da7nIZiRpZSlBdcbOOI4JyAQrcEDyJqXaUlC3m3FEKNASe8oaFWYAVpW5IGYEAbmEiCUoUkWFaDQHYUPPkNKGvKIP0ki/XDROlp8ywRIlrjiVFiTGQA5KVxgq4987EEDI58XjVQIuM/Tl5h6gtLpamW99EllX6knOD4g8iO8E1YctV/1GhqxW1q4Tm2C6+xBY6x5LQIytSUDONhknHdvVe3VsEKp7JzilPJeTXa55gAWsPLelKx2WgEFCqb+hMfRjot1tD1jpe2aihHDVwjoeCc5KFEdpB80qyk+YqzI7nEkGsWfQz1g45ZbrpJ90k2uUmQwCeTT2cpHkFoUf8AHWxbTI6xsZPdW84fNfbJVD/Me/f3xms4x9mfU1yPu2h2oV4DtXtPIbQKIkKwk0fSSYcNmiCIHrGX1bC96+crN0Xd7zOuziipc2U7IUT3layr+NfQDpHWtVsloQCVKaWABzJ4TXzp065sn3Vn3tAqZdtO3e+UXHhADtXFHp84tfR8oRrtBfURht9sknw4hmr9YledZstDuAnFXfYbwJ9vYk8WVKSAvyUNj86xaSe7JTjXn9Y0OcbzhC/KJ7FVaza333py0zkrSllgIOFJ2yoq5ePwow3SIbWiEm3oEgOcapPGSpSfy47v9KjcOUyHmzI4i0FjjCThRTnfHninR+ZZnrx1kdiRHtqnEZRxcTiUbcWCe/mffSzk5VFUlKdEnma1Oa9QKaEgg6UGsRxl+9cE7+HS1PQ1+ESKIiDaJ0CVOuYUhbftH/CEKW2rmkHO2f686NnsdUlz60jyXbncOF2JwrSrsqP4gN+I8sY+FR9ufY2b2X0w337YlZKWVr4VqGNskee/pS6BOdt6JGohZ0uRnHFMRVqd2jufeTjvOB37etdonGFIUxYJBVpmVlGUArIykEH8hsUqJJtSGi5dYIXetBrQVNahOtuutR1g6bAkw4KZE2U2h1LhZ9lUs9agbnJHcP5ivIky1OtRIbsZLTxkpL0tayUhvPLh5Y/l50gD93gPQ9SSm1L690usuuni61SDvnfP9bUvNvvjWpGnnrU1Kkvn25UZCgU8JJOD4e/y51HIJU6FMNKAqlJCkFXdVQpVXUFQ0CQDT8JvHS0gJotQ3NQaXGo8BvXfWDrmi33G4XaXClRYrMXtMtg4DoGx4fXGffREF2ytWaZMnOqdnLX1TDSVEFBxkOZ7xnb/ANaarrPdk3H61kW4R2pKg4hsJKUKSNjwnv5bkd+akBKIuqpEKE/bIUe6Q+EqUeNtlCkAkA7DiyPTflXjTyJuaW+gJuspuk3LucoWEkhKaWABNBUGlqxypstNhBJ0rr+mlRUVJ/YholuQW7bFSGH0TVKUtxSxhC2z90p/rxpYP96ppTeUl4KiR0lt44RhrcDh5Z5n50hn3NE2yNm5B9cxlSY8R0Jw0WEjcZ7zn38qRx5t3vD8O0CW4sLCYzSFL4U8BVyPln15CohU2y3MBtKlEKSjKG6JJULJz696veqKk1BtWzjsVKRmIFiak3tvTS223uh4nWO222fCg3e8hDzi1CaEDPUDGUkHvyCKbtUvXbroQuiEhCYiExVJAHGwM8KiAdiaE6fYIOrJRk2dxcFhS2TG63JCwnhJ4s8uIHv/AJUBOk2PTbjlzjiSu9RQzBdU7x9S0hWFJwfu8wRjyp0+uVcTMy7RDaElVSkrVQIyhOeoFQtVkEZaLUSQBQRw2lxJbWrvEga0GtSaUNqDXWwFK6wRqpd0M6LIvMlhbkqI06hTXJLZGBkY57b0ZIs9utUk3mPcod0t8KayyptauEvgpCjtuMcx38j4U326Eu8aflMW2yPyp8eShxchCtktKHClHDnJJVk7D91JdOJs0e+r/wB6lKZZhIccUwtB+1dQf2RHdnf4Ypo292s0h5xAPbkKS4tSqJPeBqpQCVUVdQofw5QdYWLeVspSfwWKQBcW0ANRaw8awRrJli3ajuEWK6wtlLxW31ByhKVdoJB8grHupFdLrBukaz22DD9kdjILLzqnSUuLUr7/AOnxPr5UdIl6TU0xcfZpPtJuZcfghX2QiZyEJVjOfw59fKkbcC06lv8AOMeYzY4CkvPse0HKRwjKW855n127s8imoqdfcEspB7ZQogHRJOYUUQAmlADcHYiFUpCUJLgPdGvUW0GvPcR7fbjN00zeNEuKhS0uyW3HJSAVK4kbjhOfPf3ivdNLg3SzBu86Y66zWOQZdzmxlJTJLbqVIbTuQSAsZODyT3Ul0/E0tPsd/ZvEgRrkzFEm3vLcwlSkHKmgnIClL2A2Pee7dlvesb1dLVCszjyWYkGMIoQxlAeQFcQ6zfCiDy7u/GSSZSWmUsqTNOqBQUnIgUVQBZohZIsAe8bHMmwIqaIraKwWki4IqdNhcU6W6HwgnXiWXPq68J1Wq8v3KN1jyHF8TsXB4UtrOTvw48OROMEEoJEdNz0narFpe5Xi43KQ9Jl3O0toWphoo2bdSkJwSW+ZyfdXGsLTa7LOZi2m+s3VpyK08t5pOEocUMqRzO4/jvg15oCLq2TfJcrRl2Zt06326TMW864EfYpThYGQcqPEMbbc8jGRJS2Zc8ppaLqok5TmOxJSc1CTQ6ki5HgmsBLIUDpcVt4VtoPlEStOqb7pG5C8acuK4UxLa2g6hKSQlQwoYUCOXfzB3G9Qe5Ywqn+arY1HLgrnUph5UQEE2Gg8aV+AhN1IBJpeLA+i3dlW3pTdh8ZCJ9vdRw52K0qQoH4BXxr6BackcbSd+6vnF9H8q/6XrUtIJCW5BOO4dUob/GvodpRwqaR6VuXCyirDwDsT8oz/AB9IE3UbgfOJqg5Fd0WyeyKMqxxCwKSTRlo+lK6TSk5QaIIqrXSD1Lnvr5zMMLtd1l21xHAuJIcYUn8pSopI+VfSbWzOWF7V8/8ApetSrD0nXQdXwNTlJmNefGO0f84XVO40li9JpcGx+P8AaLNww/2cypHMfD+8LbQ/y3qxNIXn2R0xXV4adOR5K/1/lVU2mVsnepfbpGyTmvnzEG1sO507RqzC0uoyqi4mZg23pWmV51CbPeCttLLy+2Ngo9/+tPrcvIG9Qr8wFCojoNFNjE7ElyLo5HCu3rROlniHDmSjhAwM9ydvDv8AOvNNpj3ia3ZrlelwoiyXEgklBdxgbHYE+J8MVHUXm3/UItn1Wj20Suu9s4u11fDjq8eu/OnSBCiztHXC4tQ1mZb5LanJBdwkMrHCEhOdzxb8vf3U5Ez9omWy3RaW26lNVUIQCpabAG9Cbd0c4YLZ7NpWaqSpVAbWJNAfgOfSHk3eHdbjFtGoJzca3W1txhDkNvZRAOFd+Sogb4+Gc0bar4/py2oftEpma7c2liXHU2SqOEEpScg9/Ea5fuohSIbs6Hb7fbNRQWmnjGHGttpJwpeMDhV7iOXMimG3al/3buNx+qeGVGkNuxUKeTgqbJ7KsbYOADilpjEBh0yl5x6i6kdoArtEAhOUhJUMyezAAqkABahcgUbIlTMNlCUWsctspua3pY5rm+w2hxuzGpxAQLpGcRGtREYBQSktlY4gPE5BG+/dT+wuPeSqYo25li7xj7Yppni+rUtbJUd9uIjvx78U0wL29Asp1NfmJVwenSSlhuQ5mO+EoKCVJ8U8gSO7bvw2R1OSo4h6ORNUpdu6y7NqUAlfCcqxvy37t8HHea5afZlHAtJU52iQezUSXKDut6AVCmyUlIPdQStJrkpyppbqSkgJymmYfh5q1OyhUHc2O8Lo13vkzTNwssZtiTboXC4p0gBTSeszlPI7n12zSuTLmsWJFw1FbGSlpg2qIjBbfjrCeJLpSee2/Md3jks181TBu8ZMWz6dZtS1u5WY693U4ACCABncZ9fMklFcJU2bqBK9WuSG3S62iWpTfC4hsYBPDjnw8tqjHsVQwOzZeU8QlLYUbNUqoioWkEBAoEpUD+ZQUMoELplCvvLQEVJUR+bYHQ0vuR0FDUw9yw19TX6NpyWzItDC4zy3ZIKX1KO2EjA/FnmB5ZpulRmrklV20vDeREtEZhcoPuA4dJOSkEnIJHLyPKkuorNDt7TFytdxbkwZzrwjpJ+1ShCsArGBz/rFOGi2UmzalmFyO6W4BQYrzhTxA79YPEpxsMcyN09/qUrnp8YfMNhHcUe6QQAA46gtmhIRRQ7oKioDWpt4Qlljt0KJuNRT9KTm0qbG9gK8oWF+XLvUe+S9WMW5V4YMtwRCQltxr7iFJzvuBzzvnv5xpmLHf1MqPreVLgJcUtyW4Wz1oUUlQJGDjJI7u/313AuMGfGtunpjceC2iYXHbiE/aBKtsHyHr3DwrlcUaq1bKjztSsALU5i4SQEpcS2MJONsZCRXrjyZ8NLaHaKLiTlUo5VKUkFYWFKBHf8AzABJzKGawj1DZYzBXdASbgXABsRQHbY1NhbWFQRpqbari5ZdMTZKotqb6+Qt3AYkcXadxxciMbDwOwGTSS1SzE0zGi6tt7ytNSn35EZxgJ6xcpKCgb5yEjfmOfiARXDjMyx6ReZctkxuVd0IkolMvHqzD5FLiUnkVY5jvps0q8/NucaLcLbNvVqtqXZTsBpw4Qjh7SwMjG5ST48u+pFlwomGEFIS4pFCAmie8utFpCcyk5Lkd4m1DS0JKbq2tQNUg61qbDY1oDWw06849RFtujpUOZfoUW9MXS1GQ2y26R1KnAQni/UMe7ORuKjUmTpo6W9nESV9fe28fX8X2Xs3B93GefFvy9/dSec60t1xTLZbbUslCCclKc7DPftXurHdMqehnS6ZSWvYmvahIO/tO/Hw/p5e/NJMuhaFdmlIQmwBoT3qAkGgJ0rf8NbQsWiFDMSSd9Bbnfr5xG5KsA700Slbml8lzGaaZLnOnksiOXIbJ6+dRy4Oc96eZ7oAO9Ru4vjBANW3DmiaRHvGLC+jXDXL6TVSUoyiLBdUVdwKlISP3n4Vv/SSSGkelYv+iVa2nUXm9JWha3JbcMgEEo4EBZB8M9ak/Ctt6Ya4Wkbd1blw8wWMPRXepjOsZd7ScVTagiVs/dFG1w2MAV3U3EVAop8ZSaNop44SaIIgOsGgphdfNz6WGrVWL6Q9g09KklMO6afHVJUrspkCQ7jHcCpII8yEjwr6TauWAyvNfKL/AGjcZUnXektSwgUp9nlQkPoGCFsuIWDn1dOPQkVC40/LBpMm+oBTpISNyQCo+gFfQbiJnBGnFTHaoFki/StomFnlhSU9qpla5QIG9UX0V64b1RY2ZLq0iaxhqWgbYcA+9jwVzHvHdVs2ubnGDWFY7hymlqSoRpslMggRYUKVsMGpnpSIq/PvRFXKLE6iM5J6yQvhCuAZ4R5n+dVnAl5xvT/Ek5A3rP3mEsuhS05kjUVpXzicCy4iiTQ89Ynd31DCuqoRhWdi3+zRG47nVHPXLTnLithuc+Z8zSqFfIbNhm2ty3BcmU62tuTx4LaU80478/1yphvl9tl3kRHbZZWrYhiG1HdQ2rIdcTnicOwwTkePLck0tud2tM6Nbm7ZavY3I0VLUpfHxde6Duvyz/p3UxmitLzzwdSTSn4aZgoZTlGWgIB1sdxePW0pKEIKCBWuulLipre/j1iTQZUvR31ZqCJLt8xyfHdwyr7TqQeyQsZGDv8AvFDSDk2VIlWa32mPOfujCoyC7gdScFXGCdgQEk+7ypg01PskS7sv6iguzICQrrGWlYUolJ4e8d+O+lUHVVyt9pkWaC6GWJD6XysbOpUnlhQxj+vE1zLvtNqadcWUtJKu4nvKByJCj3hQdroD3stD3bCqTrK1haUpqo07xsNSRpc5eVq87xJL/wDUEi3yV2u6SIjUB5DTFqkrK1cRA61Y7RA3B5eB5ZAptskqAzAua3LjMjT1tIaiIjk4eClYcQvA5Yxtke/lTa9EtyLAxc0XVK5zslbTkTHaQgDIX7z+/wAqTW5t6XPjRY7qW3XnkNoWpXCEqKgASe7BPOkJqYcVOofDSQpSdEmo7wIBAB7pSFAJSKBJSO7qIG2EhhSCo0B1PSldRcEi5vWpvC2SzOtM1UaWy7FksKBKFjhUg8wf3Gn6Trlb1ztl9FuYVcYQJkPObiUrkFKAAxgcvD3UxaoXc2tQTmbzNTLmtO9W88k5CykADGw7gBy7qbOt2502MzMYU+7LyqilOfRVKgoVVJOoChzHMitCa9CXbmkIcdAJptWlxfyPXodYfLzb5LEOFfX3oxTdy86hpk7t8K8EEdwydvSk8qzTI1kiX5xxkx5rrjTaQo8YKOeRjl76aFO+dFqeOOHiOBvikVLl3FrV2ZukAd7RXdzKNrg0UctqZtbX7DLiQBm0PLa9Brta/TrD/GuVwu1th6NixY6usnB1peOFxTixwBJVnGN/3eFCBbbVbrjcmdTyQ29ae0iKN0ynELAU1xDkCARnzz3VHQ+ttQcQtSVJIIUDgg+NH2q13LU13atNuSHpksqKQtYHEQkqJJPkCakpN5TzrYLZddBCUg3BFMqU5QKkg0IvfQgwg8wEJUc2VOp58ya8qa2hznasuhcvMiyRnI1qnIMVTJSXER2VKJCAeSM77DA3OKjMO8XG0uPO2yY7GW+yphxTasFTauaT5HA+FKBqC7QLTO063ICIcxxCpDXCDlSDkb8xuBy8KYnXfOnrs066tDgcVmFSdgklRJCaGw0O1yRSghNEulAUkpFPWooNevrDjqeRp1xcI6dYktITCaTLD5yVSd+Mp3PZ5Y9+1ReS5zqQat1H/vHcRcBbIkHDLbPVRkcKDwJxxep/lUVkL571ILCFvqLZBFbUGUem0JoSQ2ArXqa++EkpfPemmU5gGlkpwb70zzXwAd6mZRupENnIap7nPeolqC5RLZDkT5ryWmI7anXFqOyUgZJp+uMoJBJNZ86eNZGUE6Ptz/3iHZxSeSRulv37KP8Ah8TV+wORVMOBO2/hERMuZRGvv9mzfpuqdH6xusxBSmTqt19GRukKixwEZ7+FKECvonp1ADSfSvn5/s1LSbT0LOyVbC6X6XLTv3BDTP8A+E19A9PLSWk791bRLAJZSE6UjNp85plZ6xJEcq6rlBGK6peGkCkstwIQc0pPKmu6u8DavSiCKy6TbwYFmmPoXhaWyEHwUdh8yKwj9MjQq9Q9Cv17GZ45Gm57M5RAyrqF5acA960KPkithdL84qhtxQf20hKSM9wyf4CoDNsVv1Fp+fp+7M9bCuUV2JIR+ZtxJSofAmvnP2qcRrwziiTUg1SwAoj+JRzDzSAI0fhSTCsNcUdVkj0FvfWPlPo++TtKXRu7QiVNnCJDXc4j+Y7j/DNab0nqiHeILM6E/wAbToyD3g94I7iKz9qvRdy0BrC66LvKCJFrkqYKiMB1HNDg8lJKVDyNLNMXu46TmB6IpS4jpHWMk7K/kfOr/PyzGLsB1og1AIPMG4/pCjLimVfGNY265DbCqkkK4Dbeqd0vq6FdoyZEV7I5KSfvIPgRU5t90Ckjt5rLsUwhTaiCIsEtNhQiwY8sHfNOLEpPjUMi3IEDKqdY9wTseKqdM4eRtEs2+DEpRIHjT3YLhp5gzfr6HIkhcNxETqV44JBxwKVuNhv4+hqEtzgfxUqbmfqFRqWVS7gcCQabEVHmDC6qOpy1p4Ghh9DyT312Hh40zJl+dGolfqpgqWIhwDWHbrvOveuHjTX7UD30PaT40mWDHVIcVPD81FqeHjSBUnzotUnzrtLBjwiHAvDxopE5+K8mRFfcZdRulbailSfQjcUgVK86TOyh406aZUlQI1hJYBFDCl54Hmc0jdeHjSZ6Ykd9IXpqRntVJMyxMN1ECFMiQnfemqTJSM70TKuCQDvTLMuWM9qp2UkVHaGTrgEHy5Y33qP3G4AZHFRE+7YB7VV5rLXbNqQuPGUHpihsjOyPNX8queF4QtxQoIh5iZAgrpH163p6EpqMpK576SGUc+H9avId3iffWeZzLzy3JMpanX5CytxStypROalc0SrjJcudxdU464eLKu/+Q8BVg/Rn6Ml9JPS7bUyo/WWmwqTdJ5UMpUG1Dqmz3Hic4QR3pC/Cr05MS3D8g5NOaIBJ602HibDrETRT7gSNTGnNJ6Q1H0NdG2lp+mHlw7vYLc2u4Mb9XI4iXX23E/iAcWsjv54wcY2X0G9K9o6TNLMX2B9i8k9TMilWVR3gBlOe8HIIPeD3HIFNX6G28wttaApKklKgRsQaqP6OOsZPR10wr0288oQbs+u2PJJ261Kj1K/Xi7Pos1U/ZNxbM4h20pNqr3sw/nJJ8gr49Izn2htp4ZxqUnmrMTX3axsHEgZFjkVCytiE1N4+kUV8OJGDSkHNR2xzw82nepA2rIrd44j1XKmG+ucLSvSn5fKozqJeGl791EEZ/wClCQXbnCZJ2KnFY9Mfzpth/shXvSNI/wDaCOk8koUfif8ASkUScgJA4q+O/aw4p/iiZpoMg9EJ+dY17hpvJhLXWp//AEYoD6YPQw5qmzN9JmnInHdbIyUXBtA7UiEMnjx3qbyT5pKvygVkS3lt5sIWAoEbg19RRLaWMHBz3Viv6RvQMrQF0d1xo6KTpua7xSI7ST/1c6o8sf8AKUTseSSeHbs5nvZxxaAgYJOqoR/hk/7P+vpyBMSlCD26B4/X6xUEIz7LIEy3vqSO8jw8FDvFWNprX7L/AAMziGHuW57KvQ93oagVukpWACQQRili7WlwdZFIB/IeXurV5llqZGV0ecRSFlBqmLxt9+SsAcdPkW7pOO186z9bb3drSoNBZUhP9m53enhUvteuWHMIkKLKvBR2+NVSe4dr3m7iJFmfpZUXKxdUnHbpczcweSqrSHqFpwApcBB5EGnVi9pI2cqrzGBqTtEq1Og7xYCLjn8VHouH6qgzV65dv50pbvJP4qiXMHUNofImxE0Fx8DXQuB/NURF5/VXQvIP4qanCVcoXE0nnErVcD+ailXDbnUYVeR3Kold4/VXSMJVyjxU0nnEnXcPOkj1y/VUbcvGx7dIX7yN8r+dPmcHUTpDdc4mJG/c0/mpsk3YDPaqOSb0kZ7dM0/UTLCSp55KB5nnU7KYGo0tEe9PAbxJJd359qo/c780yhTjzyUJHMk4FRK5ayUrKYbZUfzL2Hw5mozJcuF1dJdWt0+HJKf4CrVJ4Klq64iXpwrsIcNQ62kSeJi2EoSdi8Ruf7o7vWoj7ApajIlZOTnCuaj4mn0QGYo6x0hax8BTRc5YGQFbnlVhaCWxlbFIYqVU1VDVKaflyG4UNhbz8haWmmm0lSlrUcJSAOZJOAK399HLopi9FfR6xFdShd5upEu6PJ3+15JaB/KgdnzPEe+qr+jr0Cu6cQ30i65hcF1dRxW2C6N4iFD9qsHk4RyH4Qd+0ezpDTT4cjPMZ/ZOZHof9c1iXtF4qTiSf/GSSqtoPeI0URsOYB9T4AxO4bJFtPbuanToIVXNviaPpWZ9UNOWjpgYkxlcCvrCJJbI7lZQc/5gTWnJ+OqIPhWdulBgNdJVnfA2c9nz6h4/wIpr7Kny1jOT9SSPQg/KMy9uEr2/DLbw1bebV65k/wDKPoDpCYXGkdrwqexlZQDVYaHcJaRv3CrNiH7MV9gxEQe5yqL6jB6pfpUpXuKjeoEZaV6UQRjX6VWsD0baTma4jobenMrZiRWHs9W4tbm+cYOyeM7H8NZktX0rNby4rT7litCVODJCQ7jn/fq3v9o086z0f2OMg4bevqVL8+Fh7A9O18hWNNPLC7fGI7klPwJFZxj/AAvg87Prffl0qWqhJvc+sbxwHLJewVC3u9VRA6AWp61PnGyuh7pQ1J0hfWr92tkaDGhuNNxnGVKV1pUklYOeWOz8atNVuNziuw5LjEhh9Cm3WXm+JC0KGCkjcEEbYrGnRi7qKXeU2DTWqH7LPuCFpguleWDLCeJtLqDlKkrKer3BI48jlUz0d9K+52O6vaX6V9NuQLhAeVGkvRU7tuJOCFtEnvHNKiD3DFYzxL7P55Dy5zCkAt7JT+IUA2OvOxJ6Q9xoM4VNBhZoFCoJ0oSbV6ddqXhL0x/RmvuknJOrdBxDNs+S7IgMkrdiDmSgYytseG5SPEAkU9brohYG9b50l0gad1ZBRcdP3iNOYVjKml7pPgpJ3SfIgGq/6Vfo3aU6QlvX7TDrNhv68rUtCP8AhpSzv9qgfdUT+NO+5JCq74f4+dkyJDHgQRYLoajosa+evMbxWZvDc33svvtt5RmFDkaUgJeQFDu8RXDloJ7UVwKH5VbH41zq3SGtejW4i3awsrsTiUUsyB22HwO9Dg2PjjmO8CiId5SrHaFaqy8iYbD0uoKSdCDUHziHNUnKoUMGIM2Arsl1k+RwD/A04xtSXFkAKUlY8xg16zcW3E4Vgg8wa7MeA/v1QQT3pOPlyrpWVX4xACRoYcI+sFJGHGVj0OaXNaxYPN1SfUGo6q0tndqQR5KTn50Wq0yh91TavRWP303VJyy9RCofcTvEyRq6Ngf8Ujf9VGp1WyTkSW/coVBDbpw/sCfRQ/nXnsU3/s6/hSBwuWO0KCbdETteqmOXtTY/xCk7urYw/wDekn0OahnsM07ezrroW2cr+xx6qFejDJZMeGbdMSV7WDGDwrWr0H86bZGrH156pk+qlUgTaZB++42n3k0YLVHTu6+pX90AUuiWl29BCZecVvCeTerhIyC8UA9yNvnSREWVLVxJQpefxKO3xNOwRBj7oZST4q3Pzop+5oSDginCSBZAhM1OphMi0tNjikucX6U7D41zJksR0cDaQlI5ACkcy9ISD2hTzozow1z0kOJetsL2K1k9u4ywUM47+DvcP93bxIpGZmmZNovzSwlI3Nv7nprHqEqcVkbFTEWekybhKbgW+M9JkyFhtpllBWtxR5BKRuT5CtF9Cv0fGNOSo2sNesolXlOHYVtGFtxFdy14yFuDbGNknfc4ISaZuvQh0Kqcbg3B29XtILcic2x1jnmls7IQnySonuUTiuLx9Lq1wApNk0jJe8FSJKWj6kJCs+maomOT+OY6gyuDy6ktK1Ue6VDpmpRJ9SOWkSsszKyp7SZWCrlrT03jRqYUiUeKW+GUH8I3V/IfOl8MQLYlYijBXjjUo5Kscv3msbMfS16R9QXdu16e03ZWis8S1vpedDbY5qPCtPl79u+pJL6bdc7cL8NJA34WOfxJqmf/ABxja6Jcyprtm+lYr/EftNwDhp1LE4tRURWiU1oOtSNdvCNQTLihSThVUj0pp4tX6cf37b4Tnu2cQf41XiumXX6iT9bNAHuEZvA+VGw9WXzVN2szl6kpeUxMR1ZDaUY4lpzyH6RVv4R4GxDAsUam3lIKRWtCa3BH6RvTeMk4+9rGAcT4C7hUmh0OLU3lKkpCe64lRqQsnQGltY+j+hf2SPQVaEP9kKq/Qn7JHpVnwv2Qr6XiehUrlTDfU5aV6U/q5Uz3hsqaVt3UQRgX/aI2F249E7F0Zbz9UXiPIcV+VtaXGj/4nEVgnSksFC4ilboVxpHkefz/AH19ZOn7RDGudFXzScrhCbnEcZStQyG3MZQv/CsJV7q+Q8mNctL3yRb58dTE23PrjyGVc0rQopUk+8Gq3jDZQ8HNiPhG4ezSeTMYa5JV7zaqjwV/UH1EWbapj8OQzLivKaeYWlxtaTgpUDkEeYIq7dc9H9r+k1o9vWukkxonSHaGkM3CMVhtM9CRgZ8CeaFnluhRwAU5+tM9qWwh9lWUqHwPgamOlNU3nSl1Yvdgnriy2DspO4UO9KgdlJPeDUGl3sFXFUnWNIxLBWeI5MMqNFp/Cfkeh93uNd2DUuqdC3xxMWTNs90hOll9s5bWhaTgoWg89xulQIrUHRX9KKDc+ptWuOrgyjhKZqNmHD+sf2Z8/u/3aatZM9GH0h4KJF8fj6O12y2G2bkQfY5mOSHT3DwKt07YKh2TnTVmlNXdGt5+otYWtyG8ocbDoPExJb/5jTg7K0+Y5cjg7VC47wzhvELX3yanZQsofvkbRkc3J4lw292UwkgdfwnwOnpH0gU/Y9S2tUG5xYlxgS0DjaeQl1p1J5bHIIqnNbfRH0beSufoO7P6flKyr2ZwmRFUfAZPGjJ7+JQHcmsz6F6X9X6JWn6ju6vZ85VEe+0YV/hPL1SQfOtCaL+lbYZwbj6phvWx47F5oF1k+eB2k+mD61kr/CfEfCrhewhwqRyTv4oNQfKsLpm5OfFHRQ9fr/aKj1V0I9Luhitydpl64xEb+12zMlvHiUpHGkeakgVC2r4ULLThKFoJSpKtiCOYIrfOndf2DUTHtFlvMSajAJ6l0KKf7wG49DXV/wBJ6D1mkjU+lrVclkY61+Mkuj0XjiHuNLyntJmpVXZYrLXGpT3T/pV9RHDmDg95lVvX3xhRi+JOPtPnS1u8JOO38603ePondEF1UXLX9b2ZR3CYk3jRnzDwWcehFQ64fQxcTldk6SPRuVbv3rS56fhqyy3tBwCYHfWps/5kn/jmEM1YdMo0FfA/WKbTdUfnrr61R+b51YMz6IfSgwv/AKv1Hp2UjxW882rHp1ZHzpqV9F7pjQSFItJ35iUs/uRUq3xTgToqmaR5mnxhL7JMj8hiJm6p/N864VdkD8dS1H0Y+l1awhSrS2D+JTzxA+DRNLon0U+kN3H1hqG0sA8+qQ84ef6kI7q9XxRgjYqZlPlU/AGPRJzSvyGK8cvKQPv/ADpC/fUp/tPnV2QfolMtkLvetpTqe9MaIhkj3qWv91NmodLdAnRwVR3LfI1NdW9gw9NUoIV/8wo4UD04SfKkGuLcNmnOxkQt5XJKfiVZQB1MKHD30JzO0SOp+lYppF0l3CQmHbo70qQ4cIaZQVrUfAJG5qaWboT6Q7wz9YX1EXTNuA4lybo8G1Af/THaB/vcI86cXOmW+wY6oWk7TZtNxlDhKbfDQlRHmSME+eM1C7xqS7Xp4yLxdpU1wHIL7xXj0zy91SROLTVkBDI5nvq9O6keqoRpLo1JV7h8z8IsGLF6EejtXXcL+ubu3+N9ARDSryScpI9es9aYda9MWrdWNKguy0wLdw8Ahw8ob4RsAo81DyO3kKgUieE57VM826pSD2/nSsrw/LpdExMEuuD8yzWn8IslPkBHDk4rLkR3U8h8zqYVzbgEg70zNNXLUFwRa7UwXn3T3ckDvUo9wFOGm9K6h11LDNrZ6uKF8LktwHq0eIH5leQ9+OdXppzo9sekoHscBLjjywC++rHG6rz25eA5CpWYnGpTui6vh4xmvF3HMtgSDLy/3kwdEi9OqqfDU9BeIpprSsPSluMZlQdku4VIfI3WrwHgkdwo6Sd6lsq0sjOWHPeTTS9bWVPJbRGJUtQSkZJJJ5CkJZ0OKzKUCTHzpPyeN4o+qadl3XFqNScij8tOWwEMSEKWoJQCSeQqaaBtDty1XY7SylSlOzWQrh5hIWCpXuAJ91OFs6LtVzVhDVuZjhRxxOOpx/4cmr96FehyPpicLxNc9ruKk8KV8OEMg8wkeJ8T3bbb5ssphr7jgzJIG9bQrgvCOK4lON9syptoEFRUKWHIG5J0FvGNN6GbIaRt3CrNiD7IVB9IwFNNJyO4VO4ycIAq3x9CweeVIpzXG2aXUW6gKBFEEVLrW09c0vs186PpmdBchi4O9KOm4ZUOEC8MtpJOEjAkADuAACvAAK/Ma+pd/tgfaUOHOapXXekkyW3W3GErQsFKkqSCFA8wRTeZl0zTZbVExgWNP4DOpnGNrEcxuPpyNDHx5tFyftrvWs5W0r9o1n5jzqfWm6xpzQdjugjvT3p9RVjdO/0XbjpqbJ1R0eQXH4CiXJFsQMuMd5LI/Ej9HMd2RsM/xnHGXetZcWw8nYkbHPgRVKm5dyVVkdHnH1Jw5i8lxAwJqQXfdJ1B5EbfA7GLUZeB76XSpj9ysy9PT31yLa4eP2VxRU2lf50g/dV+oYPnUBgaokMgJnMcY/5jf8RT/Dv9ukgdXLQCe5R4T86jSKGqDFtIS6jsppAUk7EVHoYjl20HPgkyLE+ZLQ36hZAcSPI8lfI+tMiLi/FeMaW04y6jZSHElJHxq0ESQQCFAg0TOh265tdVcIjT6Ry4k7j0PMe6lkTChZwVjP8AGvZ1IThL2GL7JX6TdPlun3jkIhtu1A/EdRIiSnGHUfdW2spUPQirG0/0+9Itl4Eo1CuY2nHYmJD2fVR7f/iqBz9CRsly1T3GDzDbvbT8eY+dR+bEu1pVh/qXQO9l0K+X3vlSM1h8jiKcswhKv4gD8flGdzfDWOYQo/dkjmjvD3X9QI1BZfpZ3NsJTedNMOnvXGkFvH+FQV++plbvpV6MfCRLhXWKrvJaQtPuKVZ+VYnbvSkHDmUn9QxSxu+JP4x8arM17PMEmDUNFP8ACo/OoiMGLTTRyr1HMRuqN9JXozcTly/OsnAOFw3j/wCVJo4/SR6MD/8AE5/+ykf/AK6wsm9A/iFd/XI/OPjUUfZdhBNcznqn/rCoxt39Kff9Y2lP+k/0fsJyxInyds4ajEH07ZTUPvf0rAtKkWLTayT91yW+Bj1QnOf81ZdN5H5x8aLVeh+YU+lfZzgsuaqQV/xK+lITXjL6hQEDwH1rFq6o6Zdc6pSpmdelx46+ceJ9kgjwODxKHkSahDk5I76jDt8AH3xRkBjUN+Vw2Syz5+TjMeOtwD1IGB76tsth0th7eRlCUJ6AARFzE8AO0fX5k/WHh65pAPapuk3hIB7VSe0dCPSNeOFy4MxLQydyZLwUvHkhGd/IkVPLD0B6TtRS/fpki8vp34VfYs5/upOT71EeVN38XkJa2fMeSb+/T3xUMS46wfDgQXc6uSO97/w++KWt0a+amlexWG2yJrucHq09lHmpR2SPMkVZOmehBllSZ2spYkuDtCGwohsf317FXoMDzNWyzHt9rjJhWyFHiMI+60y2EIHuG1JH3VLVwIBUo9wqJdxt+a7rIyJ9/rt5esZTj/tHxDEAWpP7pB3Bqo+e3lfrHtqjxopSxEjtsMR0cLbbaQlKfIAbDvp8WEsMAbcRGVetNsFnqeFC/vLVxL8h4V3cZqU53qFnApSktDxP79YtXsXwlLy5nGXhUghCSeeqz43TfqecILjJABJNSDon0a7qW8KvUhomLCXwtZGy3v8A+Rv6keFR+xWK460vTdotwITkKfexlLSM7k+fgO81rvo10HEtUCNboUbgZZSEpHefEnxJO5q/cJYKVqE06O6nTqf6RqWP4kGkFhs9469B/WC9N6G4ggln5Va2mtJpj8J6v5VINP6bbabRlsfCpdDtiGgMJrSYpMEWq3hhAGMU9ITgVy20EDAo2iCBXhGa9oUQQkkxw6kgiohqDT6ZCVdj5VOVJzSWRGS6nBFEEZ11XokLKyG/lWZuln6MultYOvXFEZVruq9zNioA4z4uI5L9dledfQG62BqQFfZg5qAX7RLbwVhr5Um6y2+nI4KiHuH4lN4U+JmScKFjcfA7EdDaPlHrHoD6RNFl2QiEm7QWsnr4e6kp8VNntD3cQHjVfqPAstyWChY5hScKFfVHUWgwniIY8e6qE6QehONJW5LtkGP1mSVxnmwppzxxkdk/L051VcTwEpT2koK9K38vpGzcPe2WaaozizQUP1C3qLj0oIxa2ptO7bi0f3VkUd7Q9/22T/3hq65Wg9KMylQ71pVuM+n7yMra944CAR5jaj2ei/o6eVxfVDoBP3RLdx/5qoz+IpllFLqFAjoPrGny/tGwp9IUW1eiSP8AdFEuOBY+1fdWP1LJonib4glpriUTgADJJrTFv6M+jRhYWjTDCjz+1edcHwUoiniVpixRGUyNP2iFCcaTwlEdhLfGn3Dn++mCOIpdTobKVAHc0A+JiI4m9pxwrDXZ3CpIvuIFcmYIJG9CAupAvSlToL0EZqt2gtWXpSQLYqK0sZ6yWC2nHiAe0fcKsPTPQ7pO3J628tC6SFDB4wUNp9Eg5J8yT6Cp+rq5KOrdG45HvBpMtiRHOccaPzJ/iKeTMzMKGVByjp9Y+IuMvbtxLxsCwspYa/S2O8fFZqr/AE5QdxDEroe6NpB4hYVNKzkluW8Plx4rgdBfR2tRIYnpBOcCWrA8qkbUrzpbHeddPC2hSj5CopczOo0dV6mKG1xTi6BQTTn+o/MxF2egno3SriXEnOjGMKmLx8sU6W/oT6M0LAY0qHljGS5KeWPeCvHyqWQ4ZOFSV/4En95p/iMKCQNmmx3DnUZNYnNtJq4+ofzGJ3CH+J+JX/s2HuOuK3oogDqo1AA8TDJZ+jbQ9oKVxtK2lDo5FERHF/mI4j8alaGHG0BLMdLaQMAABOB6V43IZjjDYwfE86KeuI/NVYfxB+YXUCvVVTGyYX7HEvNh3HZpSlnZB0/mUCT6COZDb5HaaB94NNUphJyVw0n/AAUofuQ/N86bZF0Az2qeSr7+6R74UnPYtgqv8GYdT45D/wAUwjkR4wJzGA91IXOFvPVtBA8hiu5d3G/apinXjmAqrPKKeXQBEV8+xTD0OVenFlPIJAPqSfhCx6YiOlR4hxHbNEWez3jWFxEC1tHhBHWvKHYaHn5+A76etK9Gl91S83JuSXIUIkHBH2rg8gfujzPwrRmhujuJbYzMSFCS00jkkDmfEnvPnV8wThVyYV9onLDlufoP31i4JmZHh6TThmEpASnz8STuSdf2IR9F3RrDsMRuHEaJyeJx1QHE4rxJ/rFaG0np5LDaex4d1I9LaVQwEkt1Y1tt6WEAcNaO22lpIQgUAitLWpxRWs1JhRBiJaQBil6UgV4hAAruu45gUKFCiCBQoUKIIFeEZr2hRBBTjKVDcU3yrY26DlIp1rwpBogiC3jTLbyT9mKrnUehwvjIZ+VXy7HSsYIpnn2Zt4Hsj4UQRkDWXRjCujSmZ9vQ8kZ4SRhSfMEbj3VTF/6J75aFqdsb5kNA56l4gLHkFcj78etb1vWj23grDY+FV/fdABWSGvlUdP4VKYkmj6Knnv6w9lMQmJI1aVbltGHnptwtTwj3SG9Fc8HEkZ9DyPupbHvqDyc+daTvvRy2+hbT8RDqFc0rQFA+41Wt76EbQ4VLjMPQ1+LCiB/lOR8MVR5/gIKqZZQPQ2/fui0SvFYFn006i/798Vu+qNLJeSoIc7yOSvWiUqda2UnI8RuKkE/oi1BEUTAujTqe4PIKCPeM5+FM7+jNcQ+VuS8B3tOp/iQahzw/iskMhbKkjz94rFN4i4J4Y4odM22vsHlaqTYKPNSTQV6ggncmOEONrOVNJJ805pwjk7DZCaZVRdUxzwu2G4Z/THUofECiVTbs3guW2WjPLiZUP4VGTMjPGway+RiPwf2RYJLuhyem1PJH5QAgHxIKj6EeMTJmXHjDsbq/MeddLvI/N86hSrlcOQhyP+6V/Kugq/vHhatE9Z8BHX/KoX/1yZeVmWkk+cbRIOYdg8uJWRSltsbCgHj1PMm53iWLvP6qRv3nY9v500NWHWUvAZskgZ/OUo/8xFOcPox1fOwZDsaMk8wVFah7gMfOpSV4NnHDZo+lPjHj/EMq2LuD1r8IQyb0Bnt01v3hTig23xLWo4CUjJJqybR0HNLUF3ObJlH8qR1aT8Mn51Yumuii224j2G2NMq5FQRlR9VHc/GrXIcCuChfIT7z9PfEBNcVNCzIKvcPr7ooi0aC1dqFaVKimCwo7rfGFY8kc/jirZ0V0M222utyVRVS5Q3654ZIP6RyT+/zq47J0fY4ctfKrBsmiENcOW/lV2kMCksPuhNVcz8uUVecxeanLKNByEQbTOhSOEln5Vadg0qhhCctjbyp9tenmmAOwPhUhjQ0NJAxUzEZCaBbUMpGE8qc0ICRgV0lAHdXVEEChQoUQQKFChRBAoUKFEEChQoUQQKFChRBHlcqbCu6u6FEEInoaHBukGmqZY2XQewKkOM14UA0QRXtw0gw7n7EVGLhoRpefsflVyLjIVzFJnLc0v8IogigZvR42ScMfKmaT0dJ3+wrRbtlaV+AUkc080r+zFEEZsf6O+f2HypC70eHP7D5VpdzTLSv7MUnXpRo/2Q+FEEZsHR4c/sflShno7JO7HyrRI0mzn9kKNRpVkf2QogigI/R0Mj7D5U9QejtAxlj5VdrWmmR/ZilrNhaTjsD4UQRVFu0A0nGWflUnt+i2WsfYj4VPWbU0j8IpUiI2nkKIIjkHTjLIH2Y2p6jW5tobJFL0thPIV2ABRBBaGUp5CjAAK9oUQQKFChRBAoUKFEEChQoUQR//2Q==\"><br></div><div style=\"text-align: left;\">&nbsp; &nbsp; &nbsp; &nbsp; &nbsp; &nbsp; &nbsp; &nbsp; &nbsp; &nbsp; &nbsp; &nbsp; &nbsp; &nbsp;师范生快炬华科技</div>', '1', '4', '2018-07-05 09:24:07', '2018-07-09 13:47:20', '\"\"', '1530772520248.jpg');
INSERT INTO `article` VALUES ('3', '3', '1', '测试数据1', '测试测试数据1测试数据1', '测试数据', '1', '4', '2018-07-09 09:48:17', '0000-00-00 00:00:00', '', '1531100862501.jpg');
INSERT INTO `article` VALUES ('4', '3', '1', '测试数据2', '测试数据1', '测试数据1测试数据1测试数据1', '1', '4', '2018-07-09 09:48:35', '0000-00-00 00:00:00', '', '1531100913390.jpg');
INSERT INTO `article` VALUES ('5', '3', '1', '测试数据3', '测试数据3测试数据3', '3213213', '1', '4', '2018-07-09 10:02:37', '2018-07-09 13:51:06', '', '1531101753058.png');

-- ----------------------------
-- Table structure for `img`
-- ----------------------------
DROP TABLE IF EXISTS `img`;
CREATE TABLE `img` (
  `id` int(10) unsigned NOT NULL AUTO_INCREMENT COMMENT '主键',
  `img_title` char(100) NOT NULL DEFAULT '' COMMENT '图片名称',
  `img_description` char(255) NOT NULL DEFAULT '' COMMENT '图片描述',
  `img_path` char(200) NOT NULL DEFAULT '' COMMENT '图片路径',
  `img_href` char(200) NOT NULL DEFAULT '' COMMENT '跳转页面',
  `create_time` timestamp NULL DEFAULT '0000-00-00 00:00:00' COMMENT '发表时间',
  `update_time` timestamp NOT NULL DEFAULT '0000-00-00 00:00:00' ON UPDATE CURRENT_TIMESTAMP COMMENT '修改时间',
  `article_extend` text CHARACTER SET utf8 COLLATE utf8_unicode_ci COMMENT '扩展信息',
  PRIMARY KEY (`id`)
) ENGINE=InnoDB AUTO_INCREMENT=115 DEFAULT CHARSET=utf8 COMMENT='首页图片信息表';

-- ----------------------------
-- Records of img
-- ----------------------------
INSERT INTO `img` VALUES ('113', '2132132', '122121', '1531101119919.jpg', '2121', '2018-07-04 11:41:15', '2018-07-09 09:52:02', null);
INSERT INTO `img` VALUES ('114', '美食地图', '好多呀！！！', '1531101135295.png', '/product', '2018-07-04 17:12:42', '2018-07-09 09:52:16', null);

-- ----------------------------
-- Table structure for `proimglist`
-- ----------------------------
DROP TABLE IF EXISTS `proimglist`;
CREATE TABLE `proimglist` (
  `id` int(10) unsigned NOT NULL AUTO_INCREMENT COMMENT '主键',
  `img_path` char(100) NOT NULL DEFAULT '' COMMENT '图片名称',
  `img_title` char(100) DEFAULT '' COMMENT '图片介绍',
  `pro_id` char(200) NOT NULL DEFAULT '' COMMENT '商品ID',
  `create_time` timestamp NOT NULL DEFAULT '0000-00-00 00:00:00' COMMENT '创建时间',
  `update_time` timestamp NULL DEFAULT '0000-00-00 00:00:00' ON UPDATE CURRENT_TIMESTAMP COMMENT '修改时间',
  `article_extend` text CHARACTER SET utf8 COLLATE utf8_unicode_ci COMMENT '扩展信息',
  PRIMARY KEY (`id`)
) ENGINE=InnoDB AUTO_INCREMENT=35 DEFAULT CHARSET=utf8 COMMENT='商品图片信息表';

-- ----------------------------
-- Records of proimglist
-- ----------------------------
INSERT INTO `proimglist` VALUES ('1', '1531366807756.png', '1', '20', '2018-07-12 12:57:59', '0000-00-00 00:00:00', null);
INSERT INTO `proimglist` VALUES ('2', '1531366807756.png', '1', '21', '2018-07-12 13:00:02', '0000-00-00 00:00:00', null);
INSERT INTO `proimglist` VALUES ('3', '1531366807756.png', '1', '22', '2018-07-12 13:02:04', '0000-00-00 00:00:00', null);
INSERT INTO `proimglist` VALUES ('4', '1531366807756.png', '1', '23', '2018-07-12 13:03:54', '0000-00-00 00:00:00', null);
INSERT INTO `proimglist` VALUES ('5', '1531366807756.png', '1', '24', '2018-07-12 13:06:45', '0000-00-00 00:00:00', null);
INSERT INTO `proimglist` VALUES ('6', '1531366807756.png', '1', '25', '2018-07-12 13:07:32', '0000-00-00 00:00:00', null);
INSERT INTO `proimglist` VALUES ('7', '1531366807756.png', '1', '26', '2018-07-12 13:08:54', '0000-00-00 00:00:00', null);
INSERT INTO `proimglist` VALUES ('8', '1531366807756.png', '1', '28', '2018-07-12 13:12:27', '0000-00-00 00:00:00', null);
INSERT INTO `proimglist` VALUES ('9', '1531366807756.png', '1', '36', '2018-07-12 13:31:32', '0000-00-00 00:00:00', null);
INSERT INTO `proimglist` VALUES ('10', '1531366810949.jpg', '2', '36', '2018-07-12 13:31:32', '0000-00-00 00:00:00', null);
INSERT INTO `proimglist` VALUES ('11', '1531366807756.png', '1', '38', '2018-07-12 13:53:27', '0000-00-00 00:00:00', null);
INSERT INTO `proimglist` VALUES ('12', '1531366810949.jpg', '2', '38', '2018-07-12 13:53:27', '0000-00-00 00:00:00', null);
INSERT INTO `proimglist` VALUES ('13', '1531366807756.png', '1', '38', '2018-07-12 13:53:27', '0000-00-00 00:00:00', null);
INSERT INTO `proimglist` VALUES ('14', '1531366810949.jpg', '2', '38', '2018-07-12 13:53:27', '0000-00-00 00:00:00', null);
INSERT INTO `proimglist` VALUES ('15', '1531366807756.png', '1', '39', '2018-07-12 13:54:04', '0000-00-00 00:00:00', null);
INSERT INTO `proimglist` VALUES ('16', '1531366810949.jpg', '2', '39', '2018-07-12 13:54:04', '0000-00-00 00:00:00', null);
INSERT INTO `proimglist` VALUES ('17', '1531366807756.png', '1', '40', '2018-07-12 14:04:15', '0000-00-00 00:00:00', null);
INSERT INTO `proimglist` VALUES ('18', '1531366810949.jpg', '2', '40', '2018-07-12 14:04:15', '0000-00-00 00:00:00', null);
INSERT INTO `proimglist` VALUES ('19', '1531366807756.png', '1', '41', '2018-07-12 14:05:38', '0000-00-00 00:00:00', null);
INSERT INTO `proimglist` VALUES ('20', '1531366810949.jpg', '2', '41', '2018-07-12 14:05:38', '0000-00-00 00:00:00', null);
INSERT INTO `proimglist` VALUES ('21', '1531375603303.png', '1', '42', '2018-07-12 14:06:58', '0000-00-00 00:00:00', null);
INSERT INTO `proimglist` VALUES ('22', '1531375611669.jpg', '2', '42', '2018-07-12 14:06:58', '0000-00-00 00:00:00', null);
INSERT INTO `proimglist` VALUES ('23', '1531375695511.png', '1', '43', '2018-07-12 14:08:31', '0000-00-00 00:00:00', null);
INSERT INTO `proimglist` VALUES ('24', '1531375702287.jpg', '2', '43', '2018-07-12 14:08:31', '0000-00-00 00:00:00', null);
INSERT INTO `proimglist` VALUES ('25', '1531375695511.png', '1', '44', '2018-07-12 14:09:00', '0000-00-00 00:00:00', null);
INSERT INTO `proimglist` VALUES ('26', '1531375702287.jpg', '2', '44', '2018-07-12 14:09:00', '0000-00-00 00:00:00', null);
INSERT INTO `proimglist` VALUES ('27', '1531375695511.png', '1', '45', '2018-07-12 14:09:25', '0000-00-00 00:00:00', null);
INSERT INTO `proimglist` VALUES ('28', '1531375702287.jpg', '2', '45', '2018-07-12 14:09:25', '0000-00-00 00:00:00', null);
INSERT INTO `proimglist` VALUES ('29', '1531375695511.png', '1', '46', '2018-07-12 14:10:33', '0000-00-00 00:00:00', null);
INSERT INTO `proimglist` VALUES ('30', '1531375702287.jpg', '2', '46', '2018-07-12 14:10:33', '0000-00-00 00:00:00', null);
INSERT INTO `proimglist` VALUES ('31', '1531375695511.png', '1', '47', '2018-07-12 14:10:55', '0000-00-00 00:00:00', null);
INSERT INTO `proimglist` VALUES ('32', '1531375702287.jpg', '2', '47', '2018-07-12 14:10:55', '0000-00-00 00:00:00', null);
INSERT INTO `proimglist` VALUES ('33', '1531375695511.png', '1', '48', '2018-07-12 14:14:10', '0000-00-00 00:00:00', null);
INSERT INTO `proimglist` VALUES ('34', '1531375702287.jpg', '2', '48', '2018-07-12 14:14:10', '0000-00-00 00:00:00', null);

-- ----------------------------
-- Table structure for `prolist`
-- ----------------------------
DROP TABLE IF EXISTS `prolist`;
CREATE TABLE `prolist` (
  `id` int(10) unsigned NOT NULL AUTO_INCREMENT COMMENT '主键',
  `name` char(100) NOT NULL DEFAULT '' COMMENT '商品名称',
  `img_title` char(100) DEFAULT '' COMMENT '展示图片名称',
  `img_path` char(200) NOT NULL DEFAULT '' COMMENT '展示图片路径',
  `area_prov` char(200) NOT NULL DEFAULT '' COMMENT '省级code',
  `area_city` char(200) NOT NULL DEFAULT '' COMMENT '市级code',
  `area_cou` char(200) NOT NULL DEFAULT '' COMMENT '区县级code',
  `address` char(200) NOT NULL DEFAULT '' COMMENT '详细地址',
  `user_id` char(200) NOT NULL DEFAULT '' COMMENT '用户ID',
  `read_type` char(10) NOT NULL DEFAULT '' COMMENT '阅读权限',
  `create_time` timestamp NULL DEFAULT '0000-00-00 00:00:00' COMMENT '创建时间',
  `update_time` timestamp NULL DEFAULT '0000-00-00 00:00:00' ON UPDATE CURRENT_TIMESTAMP COMMENT '修改时间',
  `article_extend` text CHARACTER SET utf8 COLLATE utf8_unicode_ci COMMENT '扩展信息',
  PRIMARY KEY (`id`)
) ENGINE=InnoDB AUTO_INCREMENT=49 DEFAULT CHARSET=utf8 COMMENT='商品图片信息关联表';

-- ----------------------------
-- Records of prolist
-- ----------------------------
INSERT INTO `prolist` VALUES ('1', '测试001', '', '1531299423926.png', '110000', '110100', '110101', '北京市, 北京市, 西城区, 后海南沿, 14号', '1', '0', '2018-07-11 17:01:26', '0000-00-00 00:00:00', null);
INSERT INTO `prolist` VALUES ('2', '测试002', '', '1531299729062.jpg', '110000', '110100', '110101', '北京市, 北京市, 东城区, 前炒面胡同, 4号院', '1', '0', '2018-07-11 17:02:20', '0000-00-00 00:00:00', null);
INSERT INTO `prolist` VALUES ('3', '12121', '', '1531363835392.png', '110000', '110100', '110101', '北京市, 北京市, 朝阳区, ,', '1', '0', '2018-07-12 10:56:45', '0000-00-00 00:00:00', null);
INSERT INTO `prolist` VALUES ('4', '12121', '', '1531363835392.png', '110000', '110100', '110101', '北京市, 北京市, 朝阳区, ,', '1', '0', '2018-07-12 10:57:50', '0000-00-00 00:00:00', null);
INSERT INTO `prolist` VALUES ('5', '12121', '', '1531363835392.png', '110000', '110100', '110101', '北京市, 北京市, 朝阳区, ,', '1', '0', '2018-07-12 10:58:10', '0000-00-00 00:00:00', null);
INSERT INTO `prolist` VALUES ('6', '12121', '', '1531363835392.png', '110000', '110100', '110101', '北京市, 北京市, 朝阳区, ,', '1', '0', '2018-07-12 11:04:08', '0000-00-00 00:00:00', null);
INSERT INTO `prolist` VALUES ('7', '12121', '', '1531363835392.png', '110000', '110100', '110101', '北京市, 北京市, 朝阳区, ,', '1', '0', '2018-07-12 11:29:32', '0000-00-00 00:00:00', null);
INSERT INTO `prolist` VALUES ('8', '12121', '', '1531363835392.png', '110000', '110100', '110101', '北京市, 北京市, 朝阳区, ,', '1', '0', '2018-07-12 11:32:11', '0000-00-00 00:00:00', null);
INSERT INTO `prolist` VALUES ('9', '12121', '', '1531363835392.png', '110000', '110100', '110101', '北京市, 北京市, 朝阳区, ,', '1', '0', '2018-07-12 11:33:12', '0000-00-00 00:00:00', null);
INSERT INTO `prolist` VALUES ('10', '12121', '', '1531363835392.png', '110000', '110100', '110101', '北京市, 北京市, 朝阳区, ,', '1', '0', '2018-07-12 11:33:43', '0000-00-00 00:00:00', null);
INSERT INTO `prolist` VALUES ('11', '12121', '', '1531363835392.png', '110000', '110100', '110101', '北京市, 北京市, 朝阳区, ,', '1', '0', '2018-07-12 11:35:22', '0000-00-00 00:00:00', null);
INSERT INTO `prolist` VALUES ('12', '12121', '', '1531363835392.png', '110000', '110100', '110101', '北京市, 北京市, 朝阳区, ,', '1', '0', '2018-07-12 11:35:57', '0000-00-00 00:00:00', null);
INSERT INTO `prolist` VALUES ('13', '12121', '', '1531363835392.png', '110000', '110100', '110101', '北京市, 北京市, 朝阳区, ,', '1', '0', '2018-07-12 11:40:03', '0000-00-00 00:00:00', null);
INSERT INTO `prolist` VALUES ('14', '12121', '', '1531363835392.png', '110000', '110100', '110101', '北京市, 北京市, 朝阳区, ,', '1', '0', '2018-07-12 11:40:19', '0000-00-00 00:00:00', null);
INSERT INTO `prolist` VALUES ('15', '12121', '', '1531363835392.png', '110000', '110100', '110101', '北京市, 北京市, 朝阳区, ,', '1', '0', '2018-07-12 11:41:02', '0000-00-00 00:00:00', null);
INSERT INTO `prolist` VALUES ('16', '12121', '', '1531363835392.png', '110000', '110100', '110101', '北京市, 北京市, 朝阳区, ,', '1', '0', '2018-07-12 11:41:28', '0000-00-00 00:00:00', null);
INSERT INTO `prolist` VALUES ('17', '12121', '', '1531363835392.png', '110000', '110100', '110101', '北京市, 北京市, 朝阳区, ,', '1', '0', '2018-07-12 11:45:16', '0000-00-00 00:00:00', null);
INSERT INTO `prolist` VALUES ('18', '12121', '', '1531363835392.png', '110000', '110100', '110101', '北京市, 北京市, 朝阳区, ,', '1', '0', '2018-07-12 11:45:47', '0000-00-00 00:00:00', null);
INSERT INTO `prolist` VALUES ('19', '12121', '', '1531363835392.png', '110000', '110100', '110101', '北京市, 北京市, 朝阳区, ,', '1', '0', '2018-07-12 11:46:28', '0000-00-00 00:00:00', null);
INSERT INTO `prolist` VALUES ('20', '12121', '', '1531363835392.png', '110000', '110100', '110101', '北京市, 北京市, 朝阳区, ,', '1', '0', '2018-07-12 12:57:59', '0000-00-00 00:00:00', null);
INSERT INTO `prolist` VALUES ('21', '12121', '', '1531363835392.png', '110000', '110100', '110101', '北京市, 北京市, 朝阳区, ,', '1', '0', '2018-07-12 13:00:02', '0000-00-00 00:00:00', null);
INSERT INTO `prolist` VALUES ('22', '12121', '', '1531363835392.png', '110000', '110100', '110101', '北京市, 北京市, 朝阳区, ,', '1', '0', '2018-07-12 13:02:04', '0000-00-00 00:00:00', null);
INSERT INTO `prolist` VALUES ('23', '12121', '', '1531363835392.png', '110000', '110100', '110101', '北京市, 北京市, 朝阳区, ,', '1', '0', '2018-07-12 13:03:54', '0000-00-00 00:00:00', null);
INSERT INTO `prolist` VALUES ('24', '12121', '', '1531363835392.png', '110000', '110100', '110101', '北京市, 北京市, 朝阳区, ,', '1', '0', '2018-07-12 13:06:45', '0000-00-00 00:00:00', null);
INSERT INTO `prolist` VALUES ('25', '12121', '', '1531363835392.png', '110000', '110100', '110101', '北京市, 北京市, 朝阳区, ,', '1', '0', '2018-07-12 13:07:32', '0000-00-00 00:00:00', null);
INSERT INTO `prolist` VALUES ('26', '12121', '', '1531363835392.png', '110000', '110100', '110101', '北京市, 北京市, 朝阳区, ,', '1', '0', '2018-07-12 13:08:54', '0000-00-00 00:00:00', null);
INSERT INTO `prolist` VALUES ('27', '12121', '', '1531363835392.png', '110000', '110100', '110101', '北京市, 北京市, 朝阳区, ,', '1', '0', '2018-07-12 13:11:40', '0000-00-00 00:00:00', null);
INSERT INTO `prolist` VALUES ('28', '12121', '', '1531363835392.png', '110000', '110100', '110101', '北京市, 北京市, 朝阳区, ,', '1', '0', '2018-07-12 13:12:27', '0000-00-00 00:00:00', null);
INSERT INTO `prolist` VALUES ('29', '12121', '', '1531363835392.png', '110000', '110100', '110101', '北京市, 北京市, 朝阳区, ,', '1', '0', '2018-07-12 13:24:20', '0000-00-00 00:00:00', null);
INSERT INTO `prolist` VALUES ('30', '12121', '', '1531363835392.png', '110000', '110100', '110101', '北京市, 北京市, 朝阳区, ,', '1', '0', '2018-07-12 13:25:10', '0000-00-00 00:00:00', null);
INSERT INTO `prolist` VALUES ('31', '12121', '', '1531363835392.png', '110000', '110100', '110101', '北京市, 北京市, 朝阳区, ,', '1', '0', '2018-07-12 13:25:52', '0000-00-00 00:00:00', null);
INSERT INTO `prolist` VALUES ('32', '12121', '', '1531363835392.png', '110000', '110100', '110101', '北京市, 北京市, 朝阳区, ,', '1', '0', '2018-07-12 13:27:08', '0000-00-00 00:00:00', null);
INSERT INTO `prolist` VALUES ('33', '12121', '', '1531363835392.png', '110000', '110100', '110101', '北京市, 北京市, 朝阳区, ,', '1', '0', '2018-07-12 13:29:19', '0000-00-00 00:00:00', null);
INSERT INTO `prolist` VALUES ('34', '12121', '', '1531363835392.png', '110000', '110100', '110101', '北京市, 北京市, 朝阳区, ,', '1', '0', '2018-07-12 13:29:43', '0000-00-00 00:00:00', null);
INSERT INTO `prolist` VALUES ('35', '12121', '', '1531363835392.png', '110000', '110100', '110101', '北京市, 北京市, 朝阳区, ,', '1', '0', '2018-07-12 13:29:56', '0000-00-00 00:00:00', null);
INSERT INTO `prolist` VALUES ('36', '12121', '', '1531363835392.png', '110000', '110100', '110101', '北京市, 北京市, 朝阳区, ,', '1', '0', '2018-07-12 13:31:32', '0000-00-00 00:00:00', null);
INSERT INTO `prolist` VALUES ('37', '12121', '', '1531363835392.png', '110000', '110100', '110101', '北京市, 北京市, 朝阳区, ,', '1', '0', '2018-07-12 13:51:48', '0000-00-00 00:00:00', null);
INSERT INTO `prolist` VALUES ('38', '12121', '', '1531363835392.png', '110000', '110100', '110101', '北京市, 北京市, 朝阳区, ,', '1', '0', '2018-07-12 13:53:27', '0000-00-00 00:00:00', null);
INSERT INTO `prolist` VALUES ('39', '12121', '', '1531363835392.png', '110000', '110100', '110101', '北京市, 北京市, 朝阳区, ,', '1', '0', '2018-07-12 13:54:04', '0000-00-00 00:00:00', null);
INSERT INTO `prolist` VALUES ('40', '12121', '', '1531363835392.png', '110000', '110100', '110101', '北京市, 北京市, 朝阳区, ,', '1', '0', '2018-07-12 14:04:15', '0000-00-00 00:00:00', null);
INSERT INTO `prolist` VALUES ('41', '12121', '', '1531363835392.png', '110000', '110100', '110101', '北京市, 北京市, 朝阳区, ,', '1', '0', '2018-07-12 14:05:38', '0000-00-00 00:00:00', null);
INSERT INTO `prolist` VALUES ('42', '12121', '', '1531363835392.png', '110000', '110100', '110101', '北京市, 北京市, 朝阳区, ,', '1', '0', '2018-07-12 14:06:58', '0000-00-00 00:00:00', null);
INSERT INTO `prolist` VALUES ('43', '12121', '', '1531363835392.png', '110000', '110100', '110101', '北京市, 北京市, 朝阳区, ,', '1', '0', '2018-07-12 14:08:31', '0000-00-00 00:00:00', null);
INSERT INTO `prolist` VALUES ('44', '12121', '', '1531363835392.png', '110000', '110100', '110101', '北京市, 北京市, 朝阳区, ,', '1', '0', '2018-07-12 14:09:00', '0000-00-00 00:00:00', null);
INSERT INTO `prolist` VALUES ('45', '12121', '', '1531363835392.png', '110000', '110100', '110101', '北京市, 北京市, 朝阳区, ,', '1', '0', '2018-07-12 14:09:25', '0000-00-00 00:00:00', null);
INSERT INTO `prolist` VALUES ('46', '12121', '', '1531363835392.png', '110000', '110100', '110101', '北京市, 北京市, 朝阳区, ,', '1', '0', '2018-07-12 14:10:32', '0000-00-00 00:00:00', null);
INSERT INTO `prolist` VALUES ('47', '12121', '', '1531363835392.png', '110000', '110100', '110101', '北京市, 北京市, 朝阳区, ,', '1', '0', '2018-07-12 14:10:55', '0000-00-00 00:00:00', null);
INSERT INTO `prolist` VALUES ('48', '12121', '', '1531363835392.png', '110000', '110100', '110101', '北京市, 北京市, 朝阳区, ,', '1', '0', '2018-07-12 14:14:10', '0000-00-00 00:00:00', null);

-- ----------------------------
-- Table structure for `prolist1`
-- ----------------------------
DROP TABLE IF EXISTS `prolist1`;
CREATE TABLE `prolist1` (
  `pro_id` varchar(200) NOT NULL,
  `user_id` varchar(200) NOT NULL,
  `pro_title` varchar(200) NOT NULL,
  `pro_nr` varchar(500) CHARACTER SET latin1 NOT NULL,
  `pro_img` varchar(100) DEFAULT NULL,
  `pro_mark` int(10) DEFAULT NULL,
  PRIMARY KEY (`pro_id`)
) ENGINE=InnoDB DEFAULT CHARSET=utf8;

-- ----------------------------
-- Records of prolist1
-- ----------------------------
INSERT INTO `prolist1` VALUES ('16d74080-9131-11e7-ac72-27b14d255055', '93c019e0-2657-11e7-ac0b-dd49fac5b0cc', 'ceshi001', 'asdsaassaas', null, null);
INSERT INTO `prolist1` VALUES ('1eed3070-9133-11e7-ac72-27b14d255055', '93c019e0-2657-11e7-ac0b-dd49fac5b0cc', '123321', '121212', null, null);
INSERT INTO `prolist1` VALUES ('5e1c1db0-9133-11e7-83a9-b343d837033f', '93c019e0-2657-11e7-ac0b-dd49fac5b0cc', '123321', '123', '../files/329eec97006680499d302ef147817648bg1.jpg', null);
INSERT INTO `prolist1` VALUES ('793cb990-9130-11e7-ac72-27b14d255055', '93c019e0-2657-11e7-ac0b-dd49fac5b0cc', '', '', null, null);
INSERT INTO `prolist1` VALUES ('aba65040-87c5-11e7-b125-a39bc9ca5883', '93c019e0-2657-11e7-ac0b-dd49fac5b0cc', '发送', '123', null, null);
INSERT INTO `prolist1` VALUES ('b2ba8840-9136-11e7-a26a-6787bb00ce6f', '93c019e0-2657-11e7-ac0b-dd49fac5b0cc', '12112', '1211221', '../files/4667e18789fa30a7b91e6ce4f01a12dabg2.jpg', '0');

-- ----------------------------
-- Table structure for `sort`
-- ----------------------------
DROP TABLE IF EXISTS `sort`;
CREATE TABLE `sort` (
  `id` int(10) unsigned NOT NULL AUTO_INCREMENT COMMENT '主键',
  `sort_name` char(50) NOT NULL DEFAULT '' COMMENT '分类名称',
  `parent_id` int(10) unsigned NOT NULL DEFAULT '0' COMMENT '分类父ID',
  `sort_type` char(10) NOT NULL DEFAULT '' COMMENT '分类类别（可定制成新闻、文章、教程等）',
  PRIMARY KEY (`id`)
) ENGINE=InnoDB AUTO_INCREMENT=4 DEFAULT CHARSET=utf8 COMMENT='文章分类表';

-- ----------------------------
-- Records of sort
-- ----------------------------
INSERT INTO `sort` VALUES ('2', '科幻', '0', 'news');
INSERT INTO `sort` VALUES ('3', '很凶的', '2', 'news');

-- ----------------------------
-- Table structure for `sysuser`
-- ----------------------------
DROP TABLE IF EXISTS `sysuser`;
CREATE TABLE `sysuser` (
  `user_id` varchar(200) NOT NULL,
  `user_name` varchar(20) CHARACTER SET latin1 NOT NULL,
  `pass_word` varchar(20) CHARACTER SET latin1 NOT NULL,
  `nick_name` varchar(50) DEFAULT NULL,
  PRIMARY KEY (`user_id`)
) ENGINE=InnoDB DEFAULT CHARSET=utf8;

-- ----------------------------
-- Records of sysuser
-- ----------------------------
INSERT INTO `sysuser` VALUES ('13076d20-3b01-11e8-99ab-b1ce545c6c36', 'sunxiaol', '123456', null);
INSERT INTO `sysuser` VALUES ('1c9d8bb0-3d38-11e8-ac1d-8fb014cc102c', 'sunzs1', '123456', null);
INSERT INTO `sysuser` VALUES ('4ac33490-3d38-11e8-88a6-cfc885734d7a', 'sunzs2', '123456', 'qqq');
INSERT INTO `sysuser` VALUES ('4b85a5c0-8613-11e7-b267-4bf272ee545b', 'a111111', '123456', null);
INSERT INTO `sysuser` VALUES ('5198ee40-3d38-11e8-88a6-cfc885734d7a', 'sunzs3', '123456', '哈哈');
INSERT INTO `sysuser` VALUES ('715ba6c0-263a-11e7-9a4a-6fc01ed2bd47', 'test1', '123456', null);
INSERT INTO `sysuser` VALUES ('93c019e0-2657-11e7-ac0b-dd49fac5b0cc', 'test123', '123456', null);
INSERT INTO `sysuser` VALUES ('bcd14d50-3df7-11e8-9c89-41e64659268e', 'xqb123', '123456', '小气包');
INSERT INTO `sysuser` VALUES ('c1ac5da0-3d35-11e8-ac1d-8fb014cc102c', 'sunzs', '123456', null);
INSERT INTO `sysuser` VALUES ('cfc0c610-2661-11e7-aa63-1356de19b30b', 'test2', '123456', null);

-- ----------------------------
-- Table structure for `upload`
-- ----------------------------
DROP TABLE IF EXISTS `upload`;
CREATE TABLE `upload` (
  `id` int(10) unsigned NOT NULL AUTO_INCREMENT COMMENT '主键',
  `user_id` int(10) unsigned NOT NULL DEFAULT '0' COMMENT '用户ID',
  `file_name` char(100) NOT NULL DEFAULT '' COMMENT '文件名称',
  `file_path` char(200) NOT NULL DEFAULT '' COMMENT '文件路径',
  `mime_type` char(50) NOT NULL DEFAULT '' COMMENT '文件类型',
  `file_size` int(10) unsigned NOT NULL DEFAULT '0' COMMENT '文件大小KB',
  `is_delete` tinyint(1) NOT NULL DEFAULT '0' COMMENT '是否删除',
  `create_time` timestamp NULL DEFAULT '0000-00-00 00:00:00' COMMENT '上传时间',
  PRIMARY KEY (`id`),
  KEY `user_id` (`user_id`) USING BTREE
) ENGINE=InnoDB AUTO_INCREMENT=214 DEFAULT CHARSET=utf8 COMMENT='上传列表';

-- ----------------------------
-- Records of upload
-- ----------------------------

-- ----------------------------
-- Table structure for `user`
-- ----------------------------
DROP TABLE IF EXISTS `user`;
CREATE TABLE `user` (
  `id` int(10) unsigned NOT NULL AUTO_INCREMENT COMMENT '主键',
  `user_name` char(50) NOT NULL DEFAULT '' COMMENT '用户帐号',
  `pass_word` char(128) NOT NULL DEFAULT '' COMMENT '用户密码',
  `user_type` tinyint(1) unsigned NOT NULL DEFAULT '0' COMMENT '用户类型 0:未审核用户;1:超级管理员;2:普通管理员;3:VIP用户;4:普通用户',
  `user_email` char(128) NOT NULL DEFAULT '' COMMENT '邮箱地址',
  `create_time` timestamp NOT NULL DEFAULT '0000-00-00 00:00:00' COMMENT '注册时间',
  `login_ip` char(15) NOT NULL DEFAULT '' COMMENT '登录IP',
  `update_time` timestamp NOT NULL DEFAULT '0000-00-00 00:00:00' ON UPDATE CURRENT_TIMESTAMP COMMENT '最后登录时间',
  `user_pic` varchar(255) CHARACTER SET utf8 COLLATE utf8_unicode_ci NOT NULL DEFAULT '' COMMENT '用户头像',
  `user_extend` text CHARACTER SET utf8 COLLATE utf8_unicode_ci COMMENT '扩展信息',
  PRIMARY KEY (`id`)
) ENGINE=InnoDB AUTO_INCREMENT=7 DEFAULT CHARSET=utf8 COMMENT='用户据库表';

-- ----------------------------
-- Records of user
-- ----------------------------
INSERT INTO `user` VALUES ('1', 'admin', '$2a$10$oe/ovruYdv0EmNsKWLJwfu6Na51whOBRJOAJxBO.yt/C6DxQhdDNK', '1', '10000@qq.com', '0000-00-00 00:00:00', '127.0.0.1', '2018-07-02 09:55:54', '', null);
INSERT INTO `user` VALUES ('2', 'test', '$2a$10$ao/Up9gmyf4NU5OY2EYlPu2m4SHrzkedJWTC4SRMMl6z1t/kvnpP.', '1', '88888888@qq.com', '2018-07-02 10:06:16', '127.0.0.1', '2018-07-02 10:07:19', '', null);
INSERT INTO `user` VALUES ('6', 'testa', '$2a$10$458ldAqX73A5ZRtykdU0ke6ekn6Rf.29rgS/xPvvH8g833LfPOCSq', '4', '343521103@qq.com', '2018-07-02 10:22:08', '127.0.0.1', '2018-07-02 10:22:24', '', null);
